{"train_losses": [0.0779242423356182, 0.015175454647225492, 0.010202889890505877, 0.007260784089072224, 0.006658339379903148, 0.008026726078242064, 0.006868726163006881, 0.0060134684009587065, 0.009442713906002395, 0.0068550964625661865, 0.007493302477729123, 0.006860851488240501, 0.00574142363278524, 0.0058948621838627495, 0.008621931911500938, 0.02046788524945869, 0.011508191914318185, 0.008820875766961014, 0.011240526376401676, 0.007157894495107672, 0.006517775188994539, 0.006178385256241788, 0.006207835566088119, 0.006494528189411058, 0.007192356909132179, 0.00970993226613192, 0.008154422387152034, 0.00794172506122028, 0.008739379583857954, 0.00645330930402612, 0.006994926000890487, 0.006224893362206572, 0.00639357215122265, 0.007227945336661137, 0.007241452468887848, 0.007810493355945629, 0.0071832242058863975, 0.006325230248929823, 0.007224774166174671, 0.009545951506451648, 0.008658730986473314, 0.010221335132989813, 0.009931728161652298, 0.007904035724042094, 0.006917117588112459, 0.007936981835347764, 0.006963548915604513, 0.006450855813454837, 0.0075311837615171335, 0.008185281505147406], "val_losses": [0.020266275852918625, 0.013743171468377113, 0.011383856181055307, 0.010632963851094246, 0.011658686213195324, 0.009528926573693752, 0.010625411290675402, 0.010552440537139773, 0.009953465778380632, 0.009212963981553912, 0.01507317554205656, 0.010216905735433102, 0.010494537418708205, 0.00938618229702115, 0.01863511186093092, 0.012566771823912859, 0.012393584474921227, 0.024678882211446762, 0.010591102996841073, 0.010439855745062232, 0.010513987392187119, 0.010729092406108975, 0.010374672710895538, 0.010401032865047455, 0.012953312136232853, 0.01097609056159854, 0.013728557620197535, 0.012124648783355951, 0.010567768942564726, 0.011015156749635935, 0.010703139007091522, 0.010491556022316217, 0.010452911956235766, 0.013110874686390162, 0.010437746299430728, 0.012809587642550468, 0.010542185977101326, 0.012102496344596148, 0.01315565500408411, 0.01224388019181788, 0.017427894286811352, 0.013027759734541178, 0.011603976832702756, 0.011329233879223466, 0.012717561097815633, 0.012845614459365606, 0.011690041283145547, 0.011830486124381423, 0.019200979731976986, 0.012690514326095581]}