{
    "0": {
        "Metrics/MAE": 2.6982262134552,
        "Metrics/MAPE": 83.76983404159546,
        "Metrics/RMSE": 3.7560927169292486
    },
    "1": {
        "Metrics/MAE": 2.862212657928467,
        "Metrics/MAPE": 88.86098265647888,
        "Metrics/RMSE": 3.668257599366165
    },
    "2": {
        "Metrics/MAE": 2.5154192447662354,
        "Metrics/MAPE": 78.09433341026306,
        "Metrics/RMSE": 3.4622918572507944
    },
    "3": {
        "Metrics/MAE": 2.576349973678589,
        "Metrics/MAPE": 79.98601198196411,
        "Metrics/RMSE": 3.3061932679701136
    },
    "4": {
        "Metrics/MAE": 2.069584369659424,
        "Metrics/MAPE": 64.25284743309021,
        "Metrics/RMSE": 2.8130884190782637
    },
    "5": {
        "Metrics/MAE": 2.312612533569336,
        "Metrics/MAPE": 71.79795503616333,
        "Metrics/RMSE": 2.9428430216975565
    },
    "6": {
        "Metrics/MAE": 2.820948600769043,
        "Metrics/MAPE": 87.57988214492798,
        "Metrics/RMSE": 3.4219025911237813
    },
    "7": {
        "Metrics/MAE": 1.9057254791259766,
        "Metrics/MAPE": 59.16562080383301,
        "Metrics/RMSE": 2.6676373701824514
    },
    "8": {
        "Metrics/MAE": 1.9304094314575195,
        "Metrics/MAPE": 59.93197560310364,
        "Metrics/RMSE": 2.6531763581785617
    },
    "9": {
        "Metrics/MAE": 2.682039260864258,
        "Metrics/MAPE": 83.26727151870728,
        "Metrics/RMSE": 3.3446750965474723
    },
    "10": {
        "Metrics/MAE": 2.5671467781066895,
        "Metrics/MAPE": 79.70027923583984,
        "Metrics/RMSE": 3.4015792881310856
    },
    "11": {
        "Metrics/MAE": 1.9461147785186768,
        "Metrics/MAPE": 60.419559478759766,
        "Metrics/RMSE": 2.8298186399761116
    },
    "12": {
        "Metrics/MAE": 2.492002487182617,
        "Metrics/MAPE": 77.36733555793762,
        "Metrics/RMSE": 3.0892217615313644
    },
    "13": {
        "Metrics/MAE": 3.3654518127441406,
        "Metrics/MAPE": 104.48466539382935,
        "Metrics/RMSE": 3.870224748339705
    },
    "14": {
        "Metrics/MAE": 1.875195860862732,
        "Metrics/MAPE": 58.2177996635437,
        "Metrics/RMSE": 2.6543877749565654
    },
    "15": {
        "Metrics/MAE": 2.326648712158203,
        "Metrics/MAPE": 72.23373055458069,
        "Metrics/RMSE": 3.1640377844327903
    },
    "16": {
        "Metrics/MAE": 2.0284957885742188,
        "Metrics/MAPE": 62.9771888256073,
        "Metrics/RMSE": 2.917323683352553
    },
    "17": {
        "Metrics/MAE": 2.029914617538452,
        "Metrics/MAPE": 63.02124261856079,
        "Metrics/RMSE": 2.718658796512624
    },
    "18": {
        "Metrics/MAE": 2.1229240894317627,
        "Metrics/MAPE": 65.90883731842041,
        "Metrics/RMSE": 2.762975425718622
    },
    "19": {
        "Metrics/MAE": 1.9315048456192017,
        "Metrics/MAPE": 59.96599793434143,
        "Metrics/RMSE": 2.649092601673949
    },
    "20": {
        "Metrics/MAE": 1.9326236248016357,
        "Metrics/MAPE": 60.000717639923096,
        "Metrics/RMSE": 2.714386869997917
    },
    "21": {
        "Metrics/MAE": 1.9148364067077637,
        "Metrics/MAPE": 59.44849252700806,
        "Metrics/RMSE": 2.6778563534968374
    },
    "22": {
        "Metrics/MAE": 1.8627607822418213,
        "Metrics/MAPE": 57.831746339797974,
        "Metrics/RMSE": 2.660075764831896
    },
    "23": {
        "Metrics/MAE": 2.1378297805786133,
        "Metrics/MAPE": 66.37159585952759,
        "Metrics/RMSE": 3.014395191268163
    },
    "24": {
        "Metrics/MAE": 1.9140598773956299,
        "Metrics/MAPE": 59.42438840866089,
        "Metrics/RMSE": 2.774367657346864
    },
    "25": {
        "Metrics/MAE": 1.86820650100708,
        "Metrics/MAPE": 58.00080895423889,
        "Metrics/RMSE": 2.6596616489649763
    },
    "26": {
        "Metrics/MAE": 1.966052532196045,
        "Metrics/MAPE": 61.03856563568115,
        "Metrics/RMSE": 2.8266544628629613
    },
    "27": {
        "Metrics/MAE": 1.9972457885742188,
        "Metrics/MAPE": 62.00699806213379,
        "Metrics/RMSE": 2.8948165608795624
    },
    "28": {
        "Metrics/MAE": 2.3701248168945312,
        "Metrics/MAPE": 73.58348965644836,
        "Metrics/RMSE": 3.1599087800971652
    },
    "29": {
        "Metrics/MAE": 1.8996891975402832,
        "Metrics/MAPE": 58.97822976112366,
        "Metrics/RMSE": 2.796644233262026
    },
    "30": {
        "Metrics/MAE": 2.039944887161255,
        "Metrics/MAPE": 63.33264112472534,
        "Metrics/RMSE": 2.759716554544285
    },
    "31": {
        "Metrics/MAE": 2.1581311225891113,
        "Metrics/MAPE": 67.00187921524048,
        "Metrics/RMSE": 2.8426296835969342
    },
    "32": {
        "Metrics/MAE": 1.940906286239624,
        "Metrics/MAPE": 60.25785207748413,
        "Metrics/RMSE": 2.7620382380452435
    },
    "33": {
        "Metrics/MAE": 1.948375940322876,
        "Metrics/MAPE": 60.48976182937622,
        "Metrics/RMSE": 2.748591669300986
    },
    "34": {
        "Metrics/MAE": 2.098984479904175,
        "Metrics/MAPE": 65.16560316085815,
        "Metrics/RMSE": 3.0296088426362706
    },
    "35": {
        "Metrics/MAE": 1.9841573238372803,
        "Metrics/MAPE": 61.60064935684204,
        "Metrics/RMSE": 2.8730160045715745
    },
    "36": {
        "Metrics/MAE": 2.032179117202759,
        "Metrics/MAPE": 63.09154033660889,
        "Metrics/RMSE": 2.973528098782328
    },
    "37": {
        "Metrics/MAE": 1.8720662593841553,
        "Metrics/MAPE": 58.12063217163086,
        "Metrics/RMSE": 2.7582533702803818
    },
    "38": {
        "Metrics/MAE": 2.708315849304199,
        "Metrics/MAPE": 84.08304452896118,
        "Metrics/RMSE": 3.3557472690723773
    },
    "39": {
        "Metrics/MAE": 3.2946348190307617,
        "Metrics/MAPE": 102.28606462478638,
        "Metrics/RMSE": 3.9047033070720962
    },
    "40": {
        "Metrics/MAE": 1.9060293436050415,
        "Metrics/MAPE": 59.17506217956543,
        "Metrics/RMSE": 2.827749490835842
    },
    "41": {
        "Metrics/MAE": 1.9803838729858398,
        "Metrics/MAPE": 61.48350238800049,
        "Metrics/RMSE": 2.784652343363688
    },
    "42": {
        "Metrics/MAE": 2.0620453357696533,
        "Metrics/MAPE": 64.01877403259277,
        "Metrics/RMSE": 2.8179812954294747
    },
    "43": {
        "Metrics/MAE": 2.2565579414367676,
        "Metrics/MAPE": 70.05767226219177,
        "Metrics/RMSE": 2.9693421425805058
    },
    "44": {
        "Metrics/MAE": 2.0655243396759033,
        "Metrics/MAPE": 64.12678956985474,
        "Metrics/RMSE": 2.863981278470188
    },
    "45": {
        "Metrics/MAE": 2.315524101257324,
        "Metrics/MAPE": 71.88835144042969,
        "Metrics/RMSE": 3.049578440565373
    },
    "46": {
        "Metrics/MAE": 2.2007083892822266,
        "Metrics/MAPE": 68.32375526428223,
        "Metrics/RMSE": 3.0191222156857234
    },
    "47": {
        "Metrics/MAE": 2.3323493003845215,
        "Metrics/MAPE": 72.41069674491882,
        "Metrics/RMSE": 3.353621412862601
    },
    "48": {
        "Metrics/MAE": 2.0073790550231934,
        "Metrics/MAPE": 62.3215913772583,
        "Metrics/RMSE": 2.869864811919943
    },
    "49": {
        "Metrics/MAE": 2.373845100402832,
        "Metrics/MAPE": 73.69898557662964,
        "Metrics/RMSE": 3.1270444667229778
    }
}