{
    "0": {
        "Metrics/MAE": 2.922945261001587,
        "Metrics/MAPE": 90.74649810791016,
        "Metrics/RMSE": 3.8308153313498776
    },
    "1": {
        "Metrics/MAE": 2.249129295349121,
        "Metrics/MAPE": 69.8270320892334,
        "Metrics/RMSE": 3.1521868849892054
    },
    "2": {
        "Metrics/MAE": 2.071840763092041,
        "Metrics/MAPE": 64.32288885116577,
        "Metrics/RMSE": 2.863651433852754
    },
    "3": {
        "Metrics/MAE": 1.879601001739502,
        "Metrics/MAPE": 58.35455656051636,
        "Metrics/RMSE": 2.7695631017319498
    },
    "4": {
        "Metrics/MAE": 2.014280319213867,
        "Metrics/MAPE": 62.535858154296875,
        "Metrics/RMSE": 2.901699318071243
    },
    "5": {
        "Metrics/MAE": 1.8540937900543213,
        "Metrics/MAPE": 57.56266713142395,
        "Metrics/RMSE": 2.6246949881505763
    },
    "6": {
        "Metrics/MAE": 2.1249513626098633,
        "Metrics/MAPE": 65.97177982330322,
        "Metrics/RMSE": 2.779926628132529
    },
    "7": {
        "Metrics/MAE": 2.0864944458007812,
        "Metrics/MAPE": 64.77783918380737,
        "Metrics/RMSE": 2.77950103288725
    },
    "8": {
        "Metrics/MAE": 1.8432406187057495,
        "Metrics/MAPE": 57.22571015357971,
        "Metrics/RMSE": 2.7044885977647333
    },
    "9": {
        "Metrics/MAE": 1.7797791957855225,
        "Metrics/MAPE": 55.25548458099365,
        "Metrics/RMSE": 2.5959164866869795
    },
    "10": {
        "Metrics/MAE": 2.5205130577087402,
        "Metrics/MAPE": 78.25249433517456,
        "Metrics/RMSE": 3.3199149578187144
    },
    "11": {
        "Metrics/MAE": 1.8373948335647583,
        "Metrics/MAPE": 57.044219970703125,
        "Metrics/RMSE": 2.73450753027039
    },
    "12": {
        "Metrics/MAE": 2.083681106567383,
        "Metrics/MAPE": 64.69048261642456,
        "Metrics/RMSE": 2.760593471023189
    },
    "13": {
        "Metrics/MAE": 1.8212714195251465,
        "Metrics/MAPE": 56.543660163879395,
        "Metrics/RMSE": 2.620735701140879
    },
    "14": {
        "Metrics/MAE": 2.634437084197998,
        "Metrics/MAPE": 81.78939819335938,
        "Metrics/RMSE": 3.6656943390280943
    },
    "15": {
        "Metrics/MAE": 2.2023582458496094,
        "Metrics/MAPE": 68.37496757507324,
        "Metrics/RMSE": 3.022803740404416
    },
    "16": {
        "Metrics/MAE": 2.047518491744995,
        "Metrics/MAPE": 63.56778144836426,
        "Metrics/RMSE": 2.9907200653687758
    },
    "17": {
        "Metrics/MAE": 3.531574249267578,
        "Metrics/MAPE": 109.6421480178833,
        "Metrics/RMSE": 4.218406380681943
    },
    "18": {
        "Metrics/MAE": 1.9410972595214844,
        "Metrics/MAPE": 60.263800621032715,
        "Metrics/RMSE": 2.779176603544468
    },
    "19": {
        "Metrics/MAE": 1.84177827835083,
        "Metrics/MAPE": 57.18032121658325,
        "Metrics/RMSE": 2.75667126954635
    },
    "20": {
        "Metrics/MAE": 1.9642243385314941,
        "Metrics/MAPE": 60.98180413246155,
        "Metrics/RMSE": 2.7766936623801604
    },
    "21": {
        "Metrics/MAE": 1.8821096420288086,
        "Metrics/MAPE": 58.43244791030884,
        "Metrics/RMSE": 2.7883061256913
    },
    "22": {
        "Metrics/MAE": 1.890173077583313,
        "Metrics/MAPE": 58.68278741836548,
        "Metrics/RMSE": 2.753018023591603
    },
    "23": {
        "Metrics/MAE": 1.9236494302749634,
        "Metrics/MAPE": 59.72210764884949,
        "Metrics/RMSE": 2.7490048775461386
    },
    "24": {
        "Metrics/MAE": 2.116086959838867,
        "Metrics/MAPE": 65.69657325744629,
        "Metrics/RMSE": 3.0496838265056905
    },
    "25": {
        "Metrics/MAE": 1.9981460571289062,
        "Metrics/MAPE": 62.03495264053345,
        "Metrics/RMSE": 2.817649196678755
    },
    "26": {
        "Metrics/MAE": 2.208780527114868,
        "Metrics/MAPE": 68.57434511184692,
        "Metrics/RMSE": 3.1655652657208138
    },
    "27": {
        "Metrics/MAE": 2.017293930053711,
        "Metrics/MAPE": 62.62941360473633,
        "Metrics/RMSE": 2.963229859658524
    },
    "28": {
        "Metrics/MAE": 1.9721975326538086,
        "Metrics/MAPE": 61.22933626174927,
        "Metrics/RMSE": 2.7726202821911134
    },
    "29": {
        "Metrics/MAE": 2.0194039344787598,
        "Metrics/MAPE": 62.69491910934448,
        "Metrics/RMSE": 2.8264505055235905
    },
    "30": {
        "Metrics/MAE": 1.9057297706604004,
        "Metrics/MAPE": 59.16576385498047,
        "Metrics/RMSE": 2.793788976205414
    },
    "31": {
        "Metrics/MAE": 1.9129085540771484,
        "Metrics/MAPE": 59.38864350318909,
        "Metrics/RMSE": 2.768687648372508
    },
    "32": {
        "Metrics/MAE": 1.9852834939956665,
        "Metrics/MAPE": 61.63560152053833,
        "Metrics/RMSE": 2.765723620019539
    },
    "33": {
        "Metrics/MAE": 2.398698091506958,
        "Metrics/MAPE": 74.47057962417603,
        "Metrics/RMSE": 3.091293130057773
    },
    "34": {
        "Metrics/MAE": 1.9437055587768555,
        "Metrics/MAPE": 60.344767570495605,
        "Metrics/RMSE": 2.7593043455450856
    },
    "35": {
        "Metrics/MAE": 2.0924534797668457,
        "Metrics/MAPE": 64.96284604072571,
        "Metrics/RMSE": 3.0390248431150266
    },
    "36": {
        "Metrics/MAE": 1.9336822032928467,
        "Metrics/MAPE": 60.03357768058777,
        "Metrics/RMSE": 2.773183203845769
    },
    "37": {
        "Metrics/MAE": 1.9614686965942383,
        "Metrics/MAPE": 60.89625358581543,
        "Metrics/RMSE": 2.9592989209878353
    },
    "38": {
        "Metrics/MAE": 2.0883731842041016,
        "Metrics/MAPE": 64.83616828918457,
        "Metrics/RMSE": 3.0661602334631026
    },
    "39": {
        "Metrics/MAE": 2.2605621814727783,
        "Metrics/MAPE": 70.1819896697998,
        "Metrics/RMSE": 2.993713786437745
    },
    "40": {
        "Metrics/MAE": 2.6111130714416504,
        "Metrics/MAPE": 81.06527328491211,
        "Metrics/RMSE": 3.536259296792014
    },
    "41": {
        "Metrics/MAE": 2.1003684997558594,
        "Metrics/MAPE": 65.20857810974121,
        "Metrics/RMSE": 3.0640093139825595
    },
    "42": {
        "Metrics/MAE": 2.139439821243286,
        "Metrics/MAPE": 66.42159819602966,
        "Metrics/RMSE": 2.910135932185785
    },
    "43": {
        "Metrics/MAE": 2.006166934967041,
        "Metrics/MAPE": 62.283968925476074,
        "Metrics/RMSE": 2.877903011678626
    },
    "44": {
        "Metrics/MAE": 2.217998504638672,
        "Metrics/MAPE": 68.86053085327148,
        "Metrics/RMSE": 3.0463394085548408
    },
    "45": {
        "Metrics/MAE": 2.239124059677124,
        "Metrics/MAPE": 69.51640844345093,
        "Metrics/RMSE": 3.0617160961609766
    },
    "46": {
        "Metrics/MAE": 1.9837349653244019,
        "Metrics/MAPE": 61.58754825592041,
        "Metrics/RMSE": 2.9201565345193727
    },
    "47": {
        "Metrics/MAE": 2.1200926303863525,
        "Metrics/MAPE": 65.82093238830566,
        "Metrics/RMSE": 2.943332158135611
    },
    "48": {
        "Metrics/MAE": 2.783205986022949,
        "Metrics/MAPE": 86.4081084728241,
        "Metrics/RMSE": 3.7179049004452605
    },
    "49": {
        "Metrics/MAE": 2.2382547855377197,
        "Metrics/MAPE": 69.48943138122559,
        "Metrics/RMSE": 3.0357588436158425
    }
}