{"train_losses": [0.09885900418328888, 0.013267934288117378, 0.009497172514195828, 0.009284026646877037, 0.008474836214993368, 0.008557978949016509, 0.008120422361089903, 0.010063659605186652, 0.0069914639461785555, 0.007063548573676278, 0.01053983305909616, 0.008256880073424648, 0.008392925141379237, 0.008527321193148108, 0.012709190548561951, 0.0067627108381951555, 0.008679989862310536, 0.007481568479253089, 0.006283212740741232, 0.007349688039325616, 0.0070894057451583005, 0.006232105524224394, 0.006215339232071796, 0.0060112043694757365, 0.006918716826476157, 0.006338634404956418, 0.00626052642131553, 0.006975907914559631, 0.007419360363308121, 0.00864899335155154, 0.006315851613715708, 0.006679059797213139, 0.0068154492114177526, 0.006586352185181835, 0.006943880659117199, 0.008119381299954565, 0.006656723273301716, 0.007048099520890152, 0.007279293145984411, 0.012998725246528493, 0.010386592804399483, 0.006757265881306547, 0.006884260270881522, 0.007200639571665841, 0.010897928246242158, 0.01016565113711883, 0.012217651860898031, 0.009369339745984796, 0.008509542409549741, 0.008108137108673178], "val_losses": [0.01998761761933565, 0.01868145354092121, 0.016689103562384844, 0.015144089702516794, 0.010987299494445324, 0.011949025560170412, 0.01605310244485736, 0.009757771389558911, 0.009716649074107409, 0.015389744192361832, 0.016149996779859066, 0.011116365902125835, 0.013081278651952744, 0.020625662989914417, 0.009641362121328712, 0.013891892042011023, 0.011749481782317162, 0.010142432060092688, 0.010511656291782856, 0.009626816725358367, 0.010169066023081541, 0.009825240122154355, 0.009779640007764101, 0.012656985316425562, 0.010531147476285696, 0.00974018732085824, 0.01099635660648346, 0.011692813597619534, 0.01399540575221181, 0.01080580847337842, 0.010383957996964455, 0.011007430497556925, 0.010421823477372527, 0.010349629214033484, 0.012628581374883652, 0.011251293122768402, 0.012138887774199247, 0.010451453272253275, 0.015431809239089489, 0.020591451786458492, 0.011032835580408573, 0.010636779945343733, 0.010835046879947186, 0.012114570010453463, 0.011201658518984914, 0.012892455328255892, 0.012652300763875246, 0.015445015393197536, 0.011262343497946858, 0.013506331946700811]}