{"train_losses": [0.8508536567290624, 0.8295594900846481, 0.7957194596529007, 0.7521550456682841, 0.6673375964164734, 0.6161190817753474, 0.5653392150998116, 0.5232112258672714, 0.4853086769580841, 0.47361834595600766, 0.4284110094110171, 0.4105086624622345, 0.40089643001556396, 0.38090579956769943, 0.36712413653731346, 0.3560421094298363, 0.3517533155779044, 0.336058692385753, 0.3414872797826926, 0.3328908272087574, 0.34777214626471203, 0.35755542169014615, 0.3423677558700244, 0.33158130074540776, 0.3239646057287852, 0.327183769394954, 0.3292740310231845, 0.3207731607059638, 0.32141926512122154, 0.33347058668732643, 0.3227231229345004, 0.31951119874914485, 0.31341728443900746, 0.3052976342538993, 0.3052343688905239, 0.2941604020694892, 0.25880806148052216, 0.25067396461963654, 0.23980441937843958, 0.24443856067955494, 0.2403526914616426, 0.2406288174291452, 0.2368014653523763, 0.24011953299244246, 0.24011539046963057, 0.2390503833691279, 0.23856630238393942, 0.23796543975671133, 0.24010940765341124, 0.2567197034756343], "val_losses": [0.840626855691274, 0.8251745104789734, 0.8136569460233053, 0.6475368539492289, 0.6215010384718577, 0.5652204851309458, 0.5286416212717692, 0.4337758918603261, 0.4136958718299866, 0.3986041645208995, 0.3665040930112203, 0.33509532113869983, 0.3512006103992462, 0.31584566334883374, 0.32825834552447003, 0.3129858324925105, 0.30652152995268506, 0.3084632307291031, 0.2798588772614797, 0.29531854887803394, 0.29348592460155487, 0.29726627965768176, 0.2941087484359741, 0.29124271869659424, 0.28827519218126935, 0.2974755714337031, 0.28477975229422253, 0.29015618065992993, 0.3061324606339137, 0.28410104910532635, 0.29527319967746735, 0.28588448961575824, 0.2824405978123347, 0.2855258683363597, 0.2785582443078359, 0.24309484660625458, 0.2396442343791326, 0.230630690852801, 0.2329085518916448, 0.230013777812322, 0.23021906117598215, 0.226284330089887, 0.22486302256584167, 0.22874080141385397, 0.22766404847304025, 0.22368603944778442, 0.22658501068751016, 0.23265738785266876, 0.2199993928273519, 0.24585752685864767]}