{"train_losses": [0.42069389890221986, 0.33387937374851284, 0.2787791203488322, 0.2370604455251904, 0.22842232444707086, 0.22539019409347982, 0.21127799262895303, 0.17557216852026827, 0.1608169136897606, 0.14441539905965328, 0.13136762950350256, 0.14023462924010613, 0.14639360839774943, 0.11362463937086217, 0.09534282637212206, 0.08890943755121793, 0.09338240763720344, 0.0861373451702735, 0.09571976346128128, 0.08402013340417076], "val_losses": [0.42138950526714325, 0.4431321322917938, 0.31915223598480225, 0.3020232617855072, 0.2671954706311226, 0.2928690016269684, 0.2489904761314392, 0.20316175371408463, 0.19754526764154434, 0.1633494421839714, 0.11768591776490211, 0.1508234590291977, 0.15741346776485443, 0.13321329653263092, 0.09567052498459816, 0.09725955501198769, 0.096414715051651, 0.08102155849337578, 0.09440581128001213, 0.08331756293773651]}