{"train_losses": [0.40577029145899274, 0.385881868714378, 0.37990850252764563, 0.37808732830342795, 0.3763031203122366, 0.3646903030929111, 0.36318794247649966, 0.3607600995472499, 0.36719696848165423, 0.361223450870741, 0.3606298687912169, 0.3641070534785589, 0.35521952453113737, 0.35502115729309264, 0.35341027279694875, 0.35261179180372326, 0.35370261356944127, 0.3529926308563777, 0.35453052946499414, 0.3517983926194055], "val_losses": [0.4016527256795338, 0.4004850706883839, 0.4096618720463344, 0.3844614795276097, 0.38528389803000856, 0.3796284475496837, 0.3789556303194591, 0.3763709579195295, 0.3714441316468375, 0.3752858287521771, 0.3760280119521277, 0.37151892270360676, 0.3671854947294508, 0.36666419357061386, 0.3645273447036743, 0.37676004959004267, 0.366374135017395, 0.3800159660833223, 0.3725521756070001, 0.3705145163195474]}