{
    "0": {
        "Metrics/MAE/Label_1": 0.9161691665649414,
        "Metrics/MAE/Average": 0.9161691665649414,
        "Metrics/MAPE/Label_1": 49.40119683742523,
        "Metrics/MAPE/Average": 49.40119683742523,
        "Metrics/RMSE/Label_1": 1.1438646686376281,
        "Metrics/RMSE/Average": 1.1438646686376281
    },
    "1": {
        "Metrics/MAE/Label_1": 0.9166069626808167,
        "Metrics/MAE/Average": 0.9166069626808167,
        "Metrics/MAPE/Label_1": 48.5270619392395,
        "Metrics/MAPE/Average": 48.5270619392395,
        "Metrics/RMSE/Label_1": 1.1652028175758635,
        "Metrics/RMSE/Average": 1.1652028175758635
    },
    "2": {
        "Metrics/MAE/Label_1": 0.9125171303749084,
        "Metrics/MAE/Average": 0.9125171303749084,
        "Metrics/MAPE/Label_1": 49.70232546329498,
        "Metrics/MAPE/Average": 49.70232546329498,
        "Metrics/RMSE/Label_1": 1.13465053480278,
        "Metrics/RMSE/Average": 1.13465053480278
    },
    "3": {
        "Metrics/MAE/Label_1": 0.9041475057601929,
        "Metrics/MAE/Average": 0.9041475057601929,
        "Metrics/MAPE/Label_1": 48.70865345001221,
        "Metrics/MAPE/Average": 48.70865345001221,
        "Metrics/RMSE/Label_1": 1.141417084628778,
        "Metrics/RMSE/Average": 1.141417084628778
    },
    "4": {
        "Metrics/MAE/Label_1": 0.9161593914031982,
        "Metrics/MAE/Average": 0.9161593914031982,
        "Metrics/MAPE/Label_1": 49.53616261482239,
        "Metrics/MAPE/Average": 49.53616261482239,
        "Metrics/RMSE/Label_1": 1.1396776210313866,
        "Metrics/RMSE/Average": 1.1396776210313866
    },
    "5": {
        "Metrics/MAE/Label_1": 0.8975972533226013,
        "Metrics/MAE/Average": 0.8975972533226013,
        "Metrics/MAPE/Label_1": 48.031800985336304,
        "Metrics/MAPE/Average": 48.031800985336304,
        "Metrics/RMSE/Label_1": 1.1419035656492595,
        "Metrics/RMSE/Average": 1.1419035656492595
    },
    "6": {
        "Metrics/MAE/Label_1": 0.8912667632102966,
        "Metrics/MAE/Average": 0.8912667632102966,
        "Metrics/MAPE/Label_1": 50.35039186477661,
        "Metrics/MAPE/Average": 50.35039186477661,
        "Metrics/RMSE/Label_1": 1.1244012510872865,
        "Metrics/RMSE/Average": 1.1244012510872865
    },
    "7": {
        "Metrics/MAE/Label_1": 0.8817340731620789,
        "Metrics/MAE/Average": 0.8817340731620789,
        "Metrics/MAPE/Label_1": 48.269543051719666,
        "Metrics/MAPE/Average": 48.269543051719666,
        "Metrics/RMSE/Label_1": 1.115139237335966,
        "Metrics/RMSE/Average": 1.115139237335966
    },
    "8": {
        "Metrics/MAE/Label_1": 0.89384925365448,
        "Metrics/MAE/Average": 0.89384925365448,
        "Metrics/MAPE/Label_1": 48.774254322052,
        "Metrics/MAPE/Average": 48.774254322052,
        "Metrics/RMSE/Label_1": 1.1212780099897819,
        "Metrics/RMSE/Average": 1.1212780099897819
    },
    "9": {
        "Metrics/MAE/Label_1": 0.9079110026359558,
        "Metrics/MAE/Average": 0.9079110026359558,
        "Metrics/MAPE/Label_1": 49.25357401371002,
        "Metrics/MAPE/Average": 49.25357401371002,
        "Metrics/RMSE/Label_1": 1.133579757257039,
        "Metrics/RMSE/Average": 1.133579757257039
    },
    "10": {
        "Metrics/MAE/Label_1": 0.8738930225372314,
        "Metrics/MAE/Average": 0.8738930225372314,
        "Metrics/MAPE/Label_1": 47.250744700431824,
        "Metrics/MAPE/Average": 47.250744700431824,
        "Metrics/RMSE/Label_1": 1.1253006321504493,
        "Metrics/RMSE/Average": 1.1253006321504493
    },
    "11": {
        "Metrics/MAE/Label_1": 0.872094988822937,
        "Metrics/MAE/Average": 0.872094988822937,
        "Metrics/MAPE/Label_1": 47.405806183815,
        "Metrics/MAPE/Average": 47.405806183815,
        "Metrics/RMSE/Label_1": 1.1178027506278638,
        "Metrics/RMSE/Average": 1.1178027506278638
    },
    "12": {
        "Metrics/MAE/Label_1": 0.8911378383636475,
        "Metrics/MAE/Average": 0.8911378383636475,
        "Metrics/MAPE/Label_1": 47.16067016124725,
        "Metrics/MAPE/Average": 47.16067016124725,
        "Metrics/RMSE/Label_1": 1.1650700656957704,
        "Metrics/RMSE/Average": 1.1650700656957704
    },
    "13": {
        "Metrics/MAE/Label_1": 0.8651967644691467,
        "Metrics/MAE/Average": 0.8651967644691467,
        "Metrics/MAPE/Label_1": 47.77169227600098,
        "Metrics/MAPE/Average": 47.77169227600098,
        "Metrics/RMSE/Label_1": 1.107028198237981,
        "Metrics/RMSE/Average": 1.107028198237981
    },
    "14": {
        "Metrics/MAE/Label_1": 0.8644710183143616,
        "Metrics/MAE/Average": 0.8644710183143616,
        "Metrics/MAPE/Label_1": 47.37354815006256,
        "Metrics/MAPE/Average": 47.37354815006256,
        "Metrics/RMSE/Label_1": 1.114445983885233,
        "Metrics/RMSE/Average": 1.114445983885233
    },
    "15": {
        "Metrics/MAE/Label_1": 0.8676400184631348,
        "Metrics/MAE/Average": 0.8676400184631348,
        "Metrics/MAPE/Label_1": 47.350892424583435,
        "Metrics/MAPE/Average": 47.350892424583435,
        "Metrics/RMSE/Label_1": 1.1128752921947176,
        "Metrics/RMSE/Average": 1.1128752921947176
    },
    "16": {
        "Metrics/MAE/Label_1": 0.8640972375869751,
        "Metrics/MAE/Average": 0.8640972375869751,
        "Metrics/MAPE/Label_1": 47.28617966175079,
        "Metrics/MAPE/Average": 47.28617966175079,
        "Metrics/RMSE/Label_1": 1.1140309804173265,
        "Metrics/RMSE/Average": 1.1140309804173265
    },
    "17": {
        "Metrics/MAE/Label_1": 0.9014199376106262,
        "Metrics/MAE/Average": 0.9014199376106262,
        "Metrics/MAPE/Label_1": 47.36865162849426,
        "Metrics/MAPE/Average": 47.36865162849426,
        "Metrics/RMSE/Label_1": 1.1897496948337984,
        "Metrics/RMSE/Average": 1.1897496948337984
    },
    "18": {
        "Metrics/MAE/Label_1": 0.8679516315460205,
        "Metrics/MAE/Average": 0.8679516315460205,
        "Metrics/MAPE/Label_1": 47.38017022609711,
        "Metrics/MAPE/Average": 47.38017022609711,
        "Metrics/RMSE/Label_1": 1.1121618164046678,
        "Metrics/RMSE/Average": 1.1121618164046678
    },
    "19": {
        "Metrics/MAE/Label_1": 0.8732452988624573,
        "Metrics/MAE/Average": 0.8732452988624573,
        "Metrics/MAPE/Label_1": 48.448896408081055,
        "Metrics/MAPE/Average": 48.448896408081055,
        "Metrics/RMSE/Label_1": 1.1070048305506015,
        "Metrics/RMSE/Average": 1.1070048305506015
    },
    "20": {
        "Metrics/MAE/Label_1": 0.8567474484443665,
        "Metrics/MAE/Average": 0.8567474484443665,
        "Metrics/MAPE/Label_1": 47.31706082820892,
        "Metrics/MAPE/Average": 47.31706082820892,
        "Metrics/RMSE/Label_1": 1.109757746903823,
        "Metrics/RMSE/Average": 1.109757746903823
    },
    "21": {
        "Metrics/MAE/Label_1": 0.8827501535415649,
        "Metrics/MAE/Average": 0.8827501535415649,
        "Metrics/MAPE/Label_1": 49.195078015327454,
        "Metrics/MAPE/Average": 49.195078015327454,
        "Metrics/RMSE/Label_1": 1.1129053384672554,
        "Metrics/RMSE/Average": 1.1129053384672554
    },
    "22": {
        "Metrics/MAE/Label_1": 0.8699369430541992,
        "Metrics/MAE/Average": 0.8699369430541992,
        "Metrics/MAPE/Label_1": 46.82096838951111,
        "Metrics/MAPE/Average": 46.82096838951111,
        "Metrics/RMSE/Label_1": 1.1345143130169975,
        "Metrics/RMSE/Average": 1.1345143130169975
    },
    "23": {
        "Metrics/MAE/Label_1": 0.8903459310531616,
        "Metrics/MAE/Average": 0.8903459310531616,
        "Metrics/MAPE/Label_1": 47.073742747306824,
        "Metrics/MAPE/Average": 47.073742747306824,
        "Metrics/RMSE/Label_1": 1.1709265367510353,
        "Metrics/RMSE/Average": 1.1709265367510353
    },
    "24": {
        "Metrics/MAE/Label_1": 0.8726454973220825,
        "Metrics/MAE/Average": 0.8726454973220825,
        "Metrics/MAPE/Label_1": 46.876224875450134,