{"train_losses": [0.4013261607715062, 0.38856831647100903, 0.3867469147557304, 0.38038125776109244, 0.3789900292952855, 0.3747946979034515, 0.37329449227878025, 0.3699210341487612, 0.3722019551765351, 0.36533411358083995, 0.3656287609111695, 0.36120342569691793, 0.3591448752653031, 0.3679020783730916, 0.3597003807624181, 0.36188165630613056, 0.3583961173182442, 0.35673172090734756, 0.3625615215017682, 0.35527710843653904, 0.35825313258738745, 0.3605605531306494, 0.3577567100524902, 0.3583154069525855, 0.356699509705816, 0.35609515735081265, 0.35075741637320745, 0.3550427283559527, 0.3569871388730549, 0.3514211035910107, 0.35657233326208027, 0.3525638136125746, 0.35690612906501407, 0.35183427603471845, 0.3500206098670051, 0.3518654181843712, 0.35122033925283525, 0.3473988964444115, 0.34851604331107366, 0.347442138053122, 0.351283265153567, 0.35091297229131063, 0.3461507558822632, 0.3495414975143614, 0.3492722069933301, 0.34802968204021456, 0.35002664285046714, 0.350330879007067, 0.344312818135534, 0.3474590383824848], "val_losses": [0.3998953402042389, 0.409971867288862, 0.3952215313911438, 0.39639667528016226, 0.39806688257626127, 0.3946995884180069, 0.382485847387995, 0.3794094781790461, 0.3853216479931559, 0.3932641191141946, 0.38194072991609573, 0.3784509003162384, 0.4025597295590809, 0.3712987335664885, 0.37433713568108423, 0.3751458472439221, 0.37433230025427683, 0.41341958727155415, 0.37454882157700403, 0.37339495761053904, 0.3691363824265344, 0.3769300899335316, 0.3833495165620531, 0.4022811587367739, 0.3849864240203585, 0.37082495433943613, 0.3695038950869015, 0.39525470989091055, 0.3791569173336029, 0.3718497423189027, 0.3798850327730179, 0.3708029719335692, 0.36671274474688936, 0.3709123964820589, 0.37091594082968576, 0.3637378162571362, 0.3672116515891893, 0.3645898870059422, 0.36138440136398586, 0.3688273951411247, 0.3622158318758011, 0.3606612778135708, 0.362078244132655, 0.36722490191459656, 0.37130510274853024, 0.3670590307031359, 0.3668467178940773, 0.3732500395604542, 0.37998726963996887, 0.3712988921574184]}