{"train_losses": [0.34944456728065715, 0.2538202852010727, 0.2624409400364932, 0.19809154284131877, 0.20393561615663416, 0.19003936151206932, 0.2020127733840662, 0.20224502375897238, 0.18813904462491765, 0.17595189809799194, 0.177603865699733, 0.1740230949705138, 0.16175617014660554, 0.2648645017076941, 0.17694462748134837, 0.16571060129824808, 0.1620250802268, 0.15802134003709345, 0.15674512712832758, 0.15875420237288757], "val_losses": [0.3591645807027817, 0.2804862707853317, 0.25477804243564606, 0.25242724269628525, 0.2489289790391922, 0.24474244564771652, 0.24082162976264954, 0.23638294637203217, 0.23247497528791428, 0.2338707521557808, 0.23406246304512024, 0.22101322561502457, 0.22101088613271713, 0.2262875959277153, 0.22263270616531372, 0.20259274542331696, 0.20210712403059006, 0.20144564658403397, 0.2108258455991745, 0.2156587764620781]}