{"train_losses": [0.04502159926508154, 0.029660260162892797, 0.027240736995424543, 0.02573938529406275, 0.02431944745282332, 0.024478404818191416, 0.022922234583113876, 0.021543089052041373, 0.019675685092806816, 0.019966399643038, 0.019035121159894124, 0.01941225379705429, 0.0188137124070809, 0.017880417193685258, 0.016495281786081336, 0.016819294409028122, 0.015871134990205368, 0.015145497915468046, 0.014939766368340879, 0.015891571099027283, 0.014437076666702827, 0.014212046435014123, 0.013440977813055118, 0.013091222414125999, 0.012605320742087705, 0.012296480423815193, 0.0119606106808143, 0.011944654073920988, 0.011405935293684404, 0.01137546854359763, 0.010375232178540457, 0.01077503026241348, 0.011185965234679835, 0.010301433394973476, 0.00956394412066965, 0.009491711934762342, 0.00942120984462755, 0.00984619375140894, 0.009213982611185029, 0.008253635188919448, 0.008532019935193516, 0.009150548549812464, 0.007679528188669966, 0.0074954499845348655, 0.00711361377588695, 0.007339728938504344, 0.007329094813515743, 0.007413261940348006, 0.007350106304511428, 0.007099211444368675], "val_losses": [0.03664686730397599, 0.02919716654079301, 0.02881763143731015, 0.02934708632528782, 0.023357032532138482, 0.02310103690251708, 0.02298619711239423, 0.0217555859791381, 0.02220274354996426, 0.03586645391104477, 0.02141822049660342, 0.025476599178676094, 0.02232455581958805, 0.021001335566065142, 0.021282835198300227, 0.01940129990024226, 0.019731911830604076, 0.01899562609781112, 0.018071835860610008, 0.02112620490204011, 0.02157433457406504, 0.021162376339946474, 0.01925388670393399, 0.020093944921557392, 0.019266702234745026, 0.01837607882251697, 0.018309982360473702, 0.01949948045824255, 0.02156532522557037, 0.01917931198009423, 0.018389040870325907, 0.020865070367498056, 0.0205782363191247, 0.018170106623853956, 0.019584518458162035, 0.018921309217278446, 0.018220733585102216, 0.017313429154455662, 0.017395528432513987, 0.016752085382384912, 0.018202591887009994, 0.01744630520365068, 0.016017512950514044, 0.016120968519576957, 0.019364597275853157, 0.02017309456797583, 0.018265901798648492, 0.01813633886298963, 0.01801811171961682, 0.019513763819954226]}