{"train_losses": [0.3541567781392266, 0.22342609263518276, 0.19852648560396013, 0.19931885052253218, 0.1968932210960809, 0.19159426260739565, 0.1852562937556821, 0.17881652362206402, 0.16888999829397483, 0.18359716872082038, 0.15791439733413212, 0.15367393918773709, 0.15273432696566863, 0.1487383469939232, 0.26017961168990417, 0.21844728247207754, 0.17788665938903303, 0.1676664198474849, 0.15286999064333298, 0.14185186070116126, 0.16489666393574545, 0.19527201485984466, 0.18553022645852146, 0.1825319138519904, 0.14649740453152096, 0.14072218822205768, 0.15536252781748772, 0.16801706082461512, 0.14901904235867894, 0.1363553800894057, 0.13874917827984867, 0.13845988757470074, 0.1396691317889182, 0.1362211596878136, 0.13806530175840154, 0.13705396411173484, 0.13017612758695202, 0.13306926782516873, 0.14661610652418697, 0.14431648438467698, 0.1296340898364125, 0.1457300291341894, 0.15047766251818223, 0.13565793195191553, 0.13762026543126388, 0.15002674784730463, 0.1337007987586891, 0.1386310565559303, 0.1497574904385735, 0.1493956529918839], "val_losses": [0.3613896667957306, 0.2704317271709442, 0.25113445520401, 0.2656414806842804, 0.250802144408226, 0.24339094758033752, 0.23555632680654526, 0.22952481359243393, 0.23556765913963318, 0.22438045591115952, 0.21033909171819687, 0.2156648263335228, 0.1967058703303337, 0.20824849605560303, 0.20622116327285767, 0.24731144309043884, 0.2515202462673187, 0.21606851369142532, 0.20204421877861023, 0.19524864852428436, 0.20473545789718628, 0.1983964443206787, 0.20595258474349976, 0.20194580405950546, 0.1942436695098877, 0.19762540608644485, 0.18774917721748352, 0.1923319697380066, 0.20403040945529938, 0.18906712532043457, 0.18569384515285492, 0.19563044607639313, 0.1896665021777153, 0.1900436133146286, 0.1900029331445694, 0.18424099683761597, 0.1860474944114685, 0.20258253812789917, 0.18010472506284714, 0.182118222117424, 0.17922098189592361, 0.19130824506282806, 0.19870585203170776, 0.18436382710933685, 0.18292484432458878, 0.18523316830396652, 0.18259233236312866, 0.17955099791288376, 0.19334164261817932, 0.18331339210271835]}