{"train_losses": [0.8465482989947001, 0.760384221871694, 0.5450122108062109, 0.5359107702970505, 0.4945698281129201, 0.46964238832394284, 0.463515301545461, 0.46759721885124844, 0.4228530749678612, 0.38923047482967377, 0.36838314433892566, 0.3414558234314124, 0.33112533390522003, 0.3165249240895112, 0.32799964646498364, 0.3272002451121807, 0.30603624507784843, 0.292228102684021, 0.28915200506647426, 0.29349354778726894], "val_losses": [0.8853476047515869, 0.5259895026683807, 0.5627455860376358, 0.45976001024246216, 0.48576077818870544, 0.43977856636047363, 0.39324721693992615, 0.48293884098529816, 0.37156030535697937, 0.3344159200787544, 0.3074640929698944, 0.3150229901075363, 0.2863536849617958, 0.2723170444369316, 0.27331943809986115, 0.2690470293164253, 0.26549551635980606, 0.26593588292598724, 0.26844722032546997, 0.24268212169408798]}