{"train_losses": [0.9168823195828332, 0.9143345488442315, 0.9079525040255653, 0.8954839209715525, 0.8524602817164527, 0.7659227781825595, 0.7048555115858713, 0.6912673347526126, 0.6703559507926306, 0.6600287854671478, 0.6492926047907935, 0.640088203880522, 0.6305791636308035, 0.5606254488229752, 0.5087902992963791, 0.501509889960289, 0.5337436662779914, 0.4896700431903203, 0.4870873722765181, 0.48286912341912586, 0.47363337377707165, 0.47020120587613845, 0.46760399142901105, 0.46826844414075214, 0.47227193580733406, 0.4694860809379154, 0.4687935411930084, 0.46441806687249076, 0.461732890870836, 0.4676944613456726, 0.4639064255687926, 0.4658978929122289, 0.4666196372773912, 0.4656656434138616, 0.4641982913017273, 0.46195780899789596, 0.4577118621932136, 0.4565010170141856, 0.4575517310036553, 0.45330292648739284, 0.44625238908661735, 0.46357845928933883, 0.4776284827126397, 0.47498006456428105, 0.4564746386475033, 0.46010206308629775, 0.4517417682541741, 0.45932911998695797, 0.451260765393575, 0.4507324794928233, 0.4521716584761937, 0.4445200463136037, 0.4469662010669708, 0.4550727390580707, 0.45196599430508083], "val_losses": [0.9028667211532593, 0.892240067323049, 0.8906973203023275, 0.8579828341801962, 0.7318557302157084, 0.5988205869992574, 0.64106818040212, 0.6074222326278687, 0.5538477301597595, 0.613265872001648, 0.5637040634950002, 0.515298863252004, 0.5380646387736002, 0.4072299102942149, 0.37216564019521076, 0.4422456920146942, 0.36615459124247235, 0.366486797730128, 0.34824169675509137, 0.357798308134079, 0.3601667284965515, 0.359926571448644, 0.3534113864103953, 0.3641728460788727, 0.35748282074928284, 0.3964466651280721, 0.3697062134742737, 0.36328736941019696, 0.3552575707435608, 0.36756181716918945, 0.347584346930186, 0.34733520944913227, 0.3647468686103821, 0.35386647780736286, 0.3538790245850881, 0.3557576636473338, 0.36433446407318115, 0.34906333684921265, 0.35004934668540955, 0.3530559341112773, 0.3636094133059184, 0.3948715527852376, 0.39255348841349286, 0.3547767599423726, 0.383478303750356, 0.3512276311715444, 0.35314178466796875, 0.3570311367511749, 0.37139591574668884, 0.3464119533697764, 0.3430883586406708, 0.3373450040817261, 0.3617017865180969, 0.3494424819946289, 0.34000476201375324]}