{"train_losses": [0.5792530584335327], "val_losses": [0.5806187242269516]}