{"train_losses": [0.09304372200535403, 0.045372729707095355, 0.04267871628204981, 0.03956629542840852, 0.03726262361225155, 0.03443175388707055, 0.03326499079250627, 0.03316537435683939, 0.03348276484757662, 0.030945909209549427, 0.03257264393485255, 0.03024554904550314, 0.030219314723379083, 0.029508818458351824, 0.02852921922587686, 0.028954608779814508, 0.029747386359506182, 0.029873372779952154, 0.029648977952698868, 0.028865963634517457, 0.02840684074908495, 0.028717003762722015, 0.027269560533265274, 0.02693077280289597, 0.025901149440970685, 0.02575464194847478, 0.025746448896825314, 0.024291550947560206, 0.02489054523822334, 0.023804863397445943, 0.02249862879721655, 0.022029061284330156, 0.02084556832495663, 0.021242388834555943, 0.020313014690246847, 0.018615100377549727, 0.018228405258721776, 0.018078430090099573, 0.01688541601308518, 0.01639318631754981, 0.01637674609406127, 0.015772376261237595, 0.015447268986867534, 0.015444427004290951, 0.014954852043754525, 0.015180351678282022, 0.014344931217945285, 0.014712574788265757, 0.01444252228571309, 0.014315954047358699, 0.015344724524766207, 0.015262780918015374, 0.014760591658867069, 0.014311014312422939, 0.013841274194419384, 0.013768908878167471, 0.013835467915568087, 0.013403708270440498, 0.013388580332199732, 0.013784982315782044, 0.013479748689052131, 0.013288897720889913, 0.013020742943303453, 0.013134437975370221, 0.01283929729834199], "val_losses": [0.04006933545072874, 0.03822936862707138, 0.0360731507341067, 0.030960561707615852, 0.027482136463125546, 0.026508033275604248, 0.028970636427402496, 0.031869164357582726, 0.029590697959065437, 0.02380813720325629, 0.024086544290184975, 0.023981054003039997, 0.02395540475845337, 0.02343962962428729, 0.023771483451128006, 0.031857372572024666, 0.02311633713543415, 0.026715957870086033, 0.024724128966530163, 0.022913632914423943, 0.02481829561293125, 0.022151896109183628, 0.022190156082312267, 0.021442070603370667, 0.020406057437260944, 0.023299920683105785, 0.0205122505625089, 0.021801842997471493, 0.020199866344531376, 0.018967387576897938, 0.018032288799683254, 0.01645937530944745, 0.01727759124090274, 0.017415405561526615, 0.01533830010642608, 0.014586244088908037, 0.015178894313673178, 0.013332942811151346, 0.013160770448545614, 0.012289043826361498, 0.012943688780069351, 0.01251307688653469, 0.011141820500294367, 0.01163429549584786, 0.013360039641459783, 0.012160593022902807, 0.011080128451188406, 0.011348907525340715, 0.01155865223457416, 0.012229297620554766, 0.013023415890832743, 0.011202728375792503, 0.0114210220053792, 0.01147734901557366, 0.01103211318453153, 0.012181092674533526, 0.010607326403260231, 0.01080036380638679, 0.010851803856591383, 0.011080060775081316, 0.011554613088568052, 0.010516579573353132, 0.011112697112063566, 0.010854398521284262, 0.011864646648367247]}