{"train_losses": [0.7167268679900602, 0.7145634686405008, 0.7129176231947812, 0.7075695530934767, 0.6990337886593558, 0.6878602450544183, 0.673687993125482, 0.6499186158180237, 0.6255100667476654, 0.5979230403900146, 0.5714748176661405, 0.5566614947535775, 0.5251831574873491, 0.48647076975215564, 0.5199554101987318, 0.4974931383674795, 0.47375472567298194, 0.44846330854025757, 0.4587009637193246, 0.44066313992847095, 0.4426936981352893, 0.4502219273285432, 0.4437177621505477, 0.43370221284302796, 0.45656287602402945, 0.43113544109192764, 0.4164019464091821, 0.41441979936578055, 0.41140190444209357, 0.41710091856392945, 0.4311407763849605, 0.39516309851949866, 0.40136241845109244, 0.4020713059739633, 0.38621585680679843, 0.41665602001276886, 0.3969698446718129, 0.4091326723044569, 0.4127408130602403, 0.43749006566676224, 0.39529154856096616, 0.38760689849203284, 0.36693098125132645, 0.4107991748235442, 0.39697988060387696, 0.37939692491834814, 0.377838478169658, 0.3942023136399009, 0.38083886761556973, 0.3810714916749434, 0.36724106628786435, 0.3576185554265976, 0.35785485059022903, 0.3801366991617463, 0.4005128815770149, 0.39774723689664493, 0.363886528394439, 0.3558824631300839, 0.37014223635196686, 0.3651313917203383, 0.3430149602619084, 0.3683218170296062, 0.43207370286638086, 0.372235317799178, 0.37359555946155026, 0.3476264415816827, 0.3405452147126198, 0.34191610528664157, 0.3398636362769387, 0.37701472165909683, 0.32568607411601325, 0.334570436315103, 0.3595342161980542, 0.34372739832509647, 0.32625898718833923, 0.33128901706500485, 0.31290434436364606, 0.3158994587984952, 0.3303668505766175, 0.3966427248987285], "val_losses": [0.6596948703130087, 0.6590075492858887, 0.6563332875569662, 0.6501444379488627, 0.6392645637194315, 0.6247766613960266, 0.5981529255708059, 0.5592098832130432, 0.5265412429968516, 0.4951757887999217, 0.4640277127424876, 0.43265021840731305, 0.5826552212238312, 0.4864385426044464, 0.3662715057531993, 0.3571619391441345, 0.3800659676392873, 0.33839044471581775, 0.33969367543856305, 0.3360108733177185, 0.3686729669570923, 0.3501688639322917, 0.4500161012013753, 0.37182079752286273, 0.3312763273715973, 0.3253728797038396, 0.3213247259457906, 0.3634639382362366, 0.3460603455702464, 0.3945234914620717, 0.3614570697148641, 0.35524940490722656, 0.3988329966862996, 0.36846981445948285, 0.3088204711675644, 0.30979378521442413, 0.3089943875869115, 0.47115497787793476, 0.5197278757890066, 0.29809172948201496, 0.37640387813250226, 0.3062047262986501, 0.29245127737522125, 0.32405444979667664, 0.3793773651123047, 0.31982970237731934, 0.32122036814689636, 0.36957883834838867, 0.32078292965888977, 0.309827983379364, 0.3210228681564331, 0.288549726208051, 0.46018703778584796, 0.2937243531147639, 0.3003334005673726, 0.33089467883110046, 0.3817333181699117, 0.39933690428733826, 0.2942224045594533, 0.2902996242046356, 0.2916416625181834, 0.47447508573532104, 0.4481036762396495, 0.2596779416004817, 0.28188465038935345, 0.37171850601832074, 0.3312205970287323, 0.3317152261734009, 0.2843419909477234, 0.34595229228337604, 0.2738456378380458, 0.31897664070129395, 0.3362520436445872, 0.32780511180559796, 0.2938229441642761, 0.2855982979138692, 0.296053687731425, 0.2806151161591212, 0.31705182790756226, 0.37841054797172546]}