{"train_losses": [0.553523119688034, 0.42280915677547454, 0.3000787556171417, 0.24774137139320374, 0.24527526140213013, 0.26624087393283846, 0.2187812250852585, 0.22341694235801696, 0.21196815729141236, 0.21706630140542985, 0.2131420087814331, 0.20470766276121138, 0.20688201308250428, 0.2055066567659378, 0.19735189884901047, 0.20107020914554596, 0.19608073860406874, 0.19449808865785598, 0.19650633364915848, 0.19356903105974196, 0.18893171340227127, 0.18836114555597305, 0.1791738411784172, 0.15770279556512834, 0.1417095959186554, 0.15543135851621628, 0.13111931174993516, 0.11991697579622268, 0.11233367443084717, 0.10551022291183472, 0.10922167658805847, 0.11284618943929672, 0.10448018729686737, 0.11263377606868744, 0.1071089343726635, 0.10351963892579079, 0.10062572121620178, 0.10016122281551361, 0.09576216742396354, 0.09836683928966522, 0.0993652205169201, 0.09226135730743408, 0.09483362793922424, 0.0908859597146511, 0.09228023484349251, 0.09493326872587204, 0.09278359651565551, 0.097797429561615, 0.08770467549562454, 0.08741210877895356, 0.08457275390625, 0.08820385232567787, 0.08113223537802697, 0.08020998194813728, 0.07395092248916627, 0.07880293816328049, 0.07278504967689514, 0.07206395953893661, 0.07486057132482529, 0.07605067878961563, 0.07365789964795112, 0.07207797765731812, 0.06949171349406243, 0.07389101833105087, 0.0736519393324852, 0.06899218395352363, 0.07351550489664077, 0.07009750500321388, 0.06857991486787796, 0.06586135879158973, 0.06913124099373817, 0.06806719571352005, 0.06594434455037117, 0.06633686378598214, 0.06495083019137382, 0.06559417203068733, 0.08000912204384804, 0.06624163940548897, 0.06377201959490776, 0.06482013612985611, 0.06586936607956886, 0.06694421261548995, 0.06521914690732956, 0.06462051399052143, 0.06484384268522263, 0.06245830878615379, 0.062427706718444824, 0.06343674033880234, 0.06214779108762741, 0.06617189094424247, 0.06323330774903298, 0.06257367894053459, 0.06363435134291649, 0.06326912000775337, 0.06107646271586418, 0.05982060112059116, 0.07106412276625633, 0.06620202332735062, 0.06642317205667496, 0.06585456565022468], "val_losses": [0.5536215230822563, 0.3767937645316124, 0.2862081229686737, 0.23153070732951164, 0.19212974607944489, 0.20005543157458305, 0.18548545241355896, 0.19733967259526253, 0.17454514652490616, 0.17648527398705482, 0.17600082606077194, 0.16628733277320862, 0.1695227138698101, 0.16517875716090202, 0.16573601961135864, 0.16214987821877003, 0.1652897447347641, 0.16271493956446648, 0.15732936933636665, 0.1551551204174757, 0.15215968899428844, 0.16198032721877098, 0.13195149041712284, 0.10899069160223007, 0.1955399215221405, 0.12877834029495716, 0.11661285161972046, 0.11325855180621147, 0.09876436833292246, 0.08820983022451401, 0.14199609868228436, 0.10803648643195629, 0.10937592573463917, 0.08588351076468825, 0.09353761281818151, 0.0878554554656148, 0.08232548227533698, 0.08462839014828205, 0.09813131019473076, 0.09841457568109035, 0.08703671116381884, 0.09454999305307865, 0.08492324035614729, 0.09770752303302288, 0.11706968955695629, 0.10743944346904755, 0.08799066673964262, 0.08751422818750143, 0.09038021694868803, 0.08475305698812008, 0.10543403774499893, 0.07725067436695099, 0.08271408081054688, 0.07745987456291914, 0.08141915313899517, 0.07747203391045332, 0.07320292200893164, 0.07467850763350725, 0.08084663655608892, 0.07763331849128008, 0.07727636769413948, 0.07569726556539536, 0.07013832777738571, 0.07317416928708553, 0.0755008147098124, 0.09179612249135971, 0.08043462689965963, 0.07107315305620432, 0.07210779376327991, 0.0773525508120656, 0.0727934492751956, 0.07802792638540268, 0.07022545300424099, 0.07540096808224916, 0.06609651166945696, 0.07351608294993639, 0.07543885987251997, 0.08086075447499752, 0.07087285770103335, 0.07047212310135365, 0.07970767468214035, 0.07022777758538723, 0.07246728893369436, 0.07462413422763348, 0.07979944068938494, 0.08385167550295591, 0.07464056462049484, 0.07635507080703974, 0.08049992565065622, 0.07708974462002516, 0.07977300696074963, 0.0763821555301547, 0.06977352639660239, 0.0782839129678905, 0.07405865471810102, 0.07240228215232491, 0.0810468653216958, 0.08301394246518612, 0.0865552257746458, 0.07731030322611332]}