{"train_losses": [0.06130325481295586, 0.034421394914388656, 0.03408319860696793, 0.027879157066345216, 0.024064027965068818, 0.025379610769450663, 0.022184149473905564, 0.019807296507060528, 0.018300837613642217, 0.017154420837759973, 0.01565412778407335, 0.015150436721742154, 0.013143349234014749, 0.013519253544509412, 0.012583260163664818, 0.012173369694501161, 0.012226473782211542, 0.011533760745078326, 0.011974260117858649, 0.011104030720889568, 0.010342332553118467, 0.008831981718540192, 0.008141696341335774, 0.008043116107583046, 0.008152431286871433, 0.011076346188783646, 0.008105846382677554, 0.006323136948049068, 0.006355749294161796, 0.006709762271493673, 0.005862285634502768, 0.00583254000172019, 0.005753196598961949, 0.0054385228268802165, 0.0060895845852792264, 0.00637538312934339, 0.005452841389924288, 0.0054714417643845084, 0.006014597564935684, 0.005891742138192058, 0.005653328811749816, 0.005592857711017132, 0.005549249351024628, 0.005597068965435028, 0.005459146704524755, 0.00519729214720428, 0.005075239399448037, 0.0050481397937983275, 0.005435795318335295, 0.005258533162996173, 0.005124189667403698, 0.004964790251106024, 0.00554956310428679, 0.0052386007364839315, 0.005004341257736087, 0.00505639779381454, 0.005028219437226653, 0.005278732646256685, 0.005216872999444604, 0.004939692374318838, 0.005082540102303028, 0.005167662501335144, 0.005274759531021118, 0.004745164727792144, 0.004846998322755099, 0.004840775104239583, 0.004848484126850963, 0.004591631488874554, 0.0048418640159070495, 0.004919117195531726, 0.004800055185332894, 0.004611605666577816, 0.0051091294828802345, 0.005224410509690643, 0.005034438585862517, 0.005006245169788599, 0.004435228602960706, 0.004381330655887723, 0.004374286709353328, 0.00467100840061903], "val_losses": [0.03335628425702453, 0.03297929326072335, 0.03161894017830491, 0.03085920261219144, 0.026380826253443956, 0.02812033100053668, 0.025267656426876783, 0.025368882110342383, 0.02413176535628736, 0.023384448839351535, 0.021375755546614528, 0.021816807566210628, 0.01892657927237451, 0.02203554892912507, 0.019607292022556067, 0.01840828824788332, 0.01781426719389856, 0.016376763582229614, 0.01762113836593926, 0.015785342315211892, 0.012848006561398506, 0.009116436238400638, 0.013399199116975069, 0.009035893948748708, 0.019552274607121944, 0.009741059737280011, 0.006734354654327035, 0.006093668984249234, 0.006054177065379918, 0.0052806687308475375, 0.005486152833327651, 0.005527205648832023, 0.005393668194301426, 0.005108578945510089, 0.008739782962948084, 0.0060840348014608026, 0.0051505990559235215, 0.007197077153250575, 0.00712063757237047, 0.006366934161633253, 0.005912426975555718, 0.005497045232914388, 0.006560852751135826, 0.00511788361473009, 0.0055626287939958274, 0.0048527519684284925, 0.0050343546899966896, 0.005172447767108679, 0.005241326638497412, 0.005528923589736223, 0.005059261864516884, 0.005123852577526122, 0.005549348192289472, 0.00482785003259778, 0.0052847303450107574, 0.004727293795440346, 0.006016384344547987, 0.005430476390756667, 0.004691312613431364, 0.004472728760447353, 0.005704796523787081, 0.004883912508375943, 0.005261820740997791, 0.005167120369151235, 0.004997500451281667, 0.005062929936684668, 0.004482303338591009, 0.005647170357406139, 0.004840033361688256, 0.004634960263501853, 0.004366212175227702, 0.00454170152079314, 0.005080159928184003, 0.004612889315467328, 0.005572130088694394, 0.004597565799485892, 0.0047947082202881575, 0.004766691650729626, 0.0043279408710077405, 0.004551499092485756]}