{"train_losses": [0.14545950603981814, 0.07686684622118871, 0.07012982883801062, 0.06860317445049684, 0.06714859201262395, 0.055220065327982105, 0.04445074529697498, 0.04464464262127876, 0.039876841784765325, 0.03916267414266864, 0.039277016185224056, 0.03809386817738414, 0.03484334765623013, 0.032368861914922796, 0.03234968846663833, 0.030361413179586332, 0.030068115176012118, 0.02948540138701598, 0.027671382141609985, 0.027770870675643284, 0.027312714761743944, 0.02580330295798679, 0.024686877227698762, 0.02552967673788468, 0.023834575122843187, 0.02206865178110699, 0.020635209046304226, 0.020425158242384594, 0.020595387478048604, 0.021992709254845977, 0.020015620316068333, 0.01973323446388046, 0.019737858868514497, 0.01877892141540845, 0.018473075081904728, 0.017902243960027892, 0.0174374058842659, 0.017181851668283343, 0.01702493499033153, 0.01703155824604134, 0.015932024146119755, 0.01571209744239847, 0.014102362173919877, 0.013696677905196944, 0.013243458971070746, 0.014123150729574263, 0.013109080377034843, 0.012407953462873897, 0.012802285452683767, 0.012907737477992972, 0.011844187509268522, 0.010898763430304825, 0.010835945451011261, 0.010734575373741487, 0.010697586694732308, 0.010466581831375757, 0.010174045921303332, 0.010302557881611088, 0.010272948110165695, 0.010314165498130023, 0.010143383095661799, 0.010092951240949333, 0.009701719313549498, 0.009475591864126423, 0.00945979954364399, 0.010342214489355683, 0.011001511360518634, 0.009983456421953937, 0.010314918511236707, 0.010129312751814723, 0.00984508676143984, 0.00942799421803405, 0.009271785500459373, 0.009152690880000591, 0.009233196343605718, 0.009534117106037835, 0.009719862098184725, 0.009337304082388679, 0.009388469896900157, 0.009416894715589782], "val_losses": [0.0738423578441143, 0.07715414464473724, 0.0733516737818718, 0.07395508140325546, 0.06831242330372334, 0.04348301701247692, 0.04388790763914585, 0.04331444762647152, 0.03907674364745617, 0.04303890839219093, 0.045518334954977036, 0.03659853897988796, 0.03547918889671564, 0.03612088970839977, 0.03331399243324995, 0.0337744140997529, 0.030640024691820145, 0.031054308637976646, 0.029117238707840443, 0.0275832274928689, 0.026675011031329632, 0.024681965820491314, 0.025626633316278458, 0.02315935119986534, 0.02364931721240282, 0.020269987173378468, 0.018982506822794676, 0.0195537181571126, 0.018221331294625998, 0.019474844448268414, 0.018309243489056826, 0.017924942076206207, 0.01845505740493536, 0.017048832960426807, 0.017394797410815954, 0.017129303887486458, 0.01645110221579671, 0.01668014330789447, 0.015537412837147713, 0.01581628294661641, 0.0151342349126935, 0.01517213461920619, 0.013763338793069124, 0.012716038152575493, 0.012482667341828346, 0.013355719856917858, 0.012349344324320555, 0.011845988687127829, 0.01304686232469976, 0.012762831524014473, 0.010007874807342887, 0.010384998517110944, 0.010338997468352318, 0.011177420150488615, 0.009596374351531267, 0.009563795989379287, 0.009682118659839034, 0.00969644752331078, 0.010213023982942104, 0.009805734036490321, 0.009416146902367473, 0.009606179548427463, 0.009569098008796573, 0.009441991103813052, 0.009321833960711956, 0.011343304067850113, 0.010947003494948149, 0.009717472130432725, 0.009387863567098975, 0.009876212803646922, 0.009455730440095067, 0.010087274946272373, 0.009010934503749013, 0.009930101688951254, 0.008825239492580295, 0.008757273899391294, 0.009399115573614836, 0.00934528699144721, 0.008455249480903149, 0.008694184478372335]}