{"train_losses": [0.22054411470890045, 0.16747096263700062, 0.14322637559639084, 0.11459547364049488, 0.10010681715276507, 0.0930987157755428, 0.08752035308215353, 0.08408111520111561, 0.08233871455821726, 0.08042289834055635, 0.07905509860979186, 0.07733049885266358, 0.07743945096929868, 0.07576314835912651, 0.0727620611174239, 0.0711817517876625, 0.07099616320596801, 0.07008777331146929, 0.06779661919507715, 0.06526017520162794, 0.06499180901381704, 0.06382197576264541, 0.0656503215432167, 0.06351088070207173, 0.06157808047201899, 0.06273160895539655, 0.05986619802812735, 0.05979932203061051, 0.0609000279671616, 0.058151825641592346], "val_losses": [0.15482341249783835, 0.1327322448293368, 0.10448637356360753, 0.08074751247962315, 0.07145920644203822, 0.06778481975197792, 0.06557819743951161, 0.06899007161458333, 0.0667163406809171, 0.07053050895531972, 0.06690135598182678, 0.07131422311067581, 0.0696382721265157, 0.06785088032484055, 0.06832159558931987, 0.06677639360229175, 0.06450863679250081, 0.06460609162847201, 0.06611519306898117, 0.06735723714033763, 0.06744006772836049, 0.07056642820437749, 0.0686948224902153, 0.06662500277161598, 0.06670116633176804, 0.06738451744119327, 0.06866045172015826, 0.06679347157478333, 0.06756571928660075, 0.07259639104207356]}