{"train_losses": [0.220805700454447, 0.17243772331211302, 0.14686350069112247, 0.11978372351990806, 0.10229357456167538, 0.09130211133095953, 0.08833634811970922, 0.08534543464581172, 0.08295315545466211, 0.08000803242127101, 0.07681605757938491, 0.077411031557454, 0.0767902233120468, 0.07508816549347506, 0.07421913805107276, 0.07168792229559687, 0.07110916264355183, 0.07144314919908841, 0.07226334760586421, 0.06924016525348027, 0.06689511984586716, 0.06608205350736777, 0.06279464893870884, 0.06458375996185674, 0.06128826902972327, 0.062283705919981, 0.06100820977654722, 0.060486347104112305, 0.05880421524246534, 0.05782793979677889], "val_losses": [0.1566202292839686, 0.1289453705151876, 0.11687373121579488, 0.08501307914654414, 0.06914324065049489, 0.06867193554838498, 0.06842152277628581, 0.06538426627715428, 0.06771615892648697, 0.06394073242942493, 0.06439603865146637, 0.06407830243309338, 0.06182915841539701, 0.06537718201677005, 0.06400686999162038, 0.06715860466162364, 0.06314552078644435, 0.0684049129486084, 0.07031212002038956, 0.06520482276876767, 0.06451816235979398, 0.06690737853447597, 0.06635707368453343, 0.06485852599143982, 0.0671997678776582, 0.06770853574077289, 0.06721131006876628, 0.06672426437338193, 0.0700601264834404, 0.06691341723004977]}