{"train_losses": [0.7991677820682526, 0.5808896198868752, 0.41586921115716297, 0.3340696655213833, 0.27723151942094165, 0.28790631021062535, 0.2545035034418106, 0.23845930397510529, 0.2340708995858828, 0.21563785150647163, 0.20812335362037024, 0.1916228930155436, 0.18928767616550127, 0.18381897235910097, 0.186311274766922, 0.16996760169665018, 0.16912607041498026, 0.16198467773695788, 0.15688245060543218, 0.17237958870828152], "val_losses": [0.804998129606247, 0.5090389102697372, 0.3860194981098175, 0.3089276999235153, 0.2809988781809807, 0.23701749742031097, 0.23132382333278656, 0.22003281861543655, 0.21486764401197433, 0.19355294108390808, 0.20002857595682144, 0.18087094277143478, 0.22712357342243195, 0.16254791617393494, 0.1558237448334694, 0.164097860455513, 0.14297010749578476, 0.12745840474963188, 0.16524848341941833, 0.1382104717195034]}