{"train_losses": [0.05831065744161606, 0.032972457632422444, 0.027462800964713097, 0.02378755047917366, 0.02159934964030981, 0.019265385679900646, 0.017035317085683347, 0.014962490126490592, 0.013807234317064286, 0.013061863854527473, 0.012220781985670328, 0.011685241032391786, 0.011200088616460562, 0.010870777759701014, 0.009528087228536606, 0.009679273534566164, 0.00781908193603158, 0.006819743644446135, 0.006899375058710575, 0.005964706540107727, 0.005513875940814614, 0.005517855556681752, 0.005463658636435866, 0.005359386708587408, 0.005260780435055495, 0.005362161798402667, 0.005306589230895042, 0.005019805310294032, 0.0052327334694564345, 0.005400916459038853, 0.005182417146861553, 0.005470941886305809, 0.004799801968038082, 0.005206232685595751, 0.00506231895647943, 0.004942212626338005, 0.004990401566028595, 0.004965018592774868, 0.005088177733123303, 0.00497587850317359, 0.004762896709144116, 0.004902671184390783, 0.00462059311568737, 0.004700503945350647, 0.004957470111548901, 0.004727420881390571, 0.004604779044166207, 0.004932077862322331, 0.005121236834675073, 0.0047938404604792595, 0.005145518183708191, 0.004984295796602965, 0.005172170028090477, 0.0049002555385231975, 0.0047292878944426775, 0.004584814412519336, 0.0045806523133069274, 0.004719195244833827, 0.004403251707553863, 0.004443205175921321, 0.004436690052971244, 0.004447616115212441, 0.004440587172284722, 0.004223684696480632, 0.004370606765151024, 0.00434276164509356, 0.004158993661403656, 0.004530692314729095, 0.004296967545524239, 0.004136571381241083, 0.0043021597433835265, 0.004189200587570667, 0.0046811184287071225, 0.004238590514287353, 0.003862979533150792, 0.004377731354907155, 0.004537013676017523, 0.004229761101305485, 0.00401238770224154, 0.003990751029923558], "val_losses": [0.03322362853214145, 0.0304303583689034, 0.02661751303821802, 0.02565258927643299, 0.02494050655514002, 0.024855838157236576, 0.019687121035531163, 0.020105709554627538, 0.01931862998753786, 0.018338491208851337, 0.017965087899938226, 0.018685364862903953, 0.015619329875335097, 0.015134590212255716, 0.010890433099120855, 0.010197665076702833, 0.0072982002748176455, 0.0067980693420395255, 0.0062680746195837855, 0.005266827065497637, 0.006272990838624537, 0.004881063650827855, 0.005551904207095504, 0.0059351022355258465, 0.006088494905270636, 0.004927861329633743, 0.005727789597585797, 0.005277276621200144, 0.0066666926722973585, 0.004880054504610598, 0.005868085427209735, 0.005171141063328832, 0.0058334258501417935, 0.005026726983487606, 0.005355295666959137, 0.004862988425884396, 0.00498427270213142, 0.004742781864479184, 0.004726850020233542, 0.004815803957171738, 0.004613600380253047, 0.004663976840674877, 0.005259630910586566, 0.0057926063891500235, 0.004476328263990581, 0.004666895110858604, 0.004981604695785791, 0.0047562067629769444, 0.005301948986016214, 0.005264057836029679, 0.005952616687864065, 0.004529959231149405, 0.006248662597499788, 0.00510327861411497, 0.0047953042085282505, 0.005518050340469927, 0.004634113720385358, 0.005321317235939205, 0.00464406720129773, 0.004201931355055422, 0.004792658321093768, 0.005180901207495481, 0.004658571153413504, 0.004226046206895262, 0.004606734786648303, 0.004517917579505593, 0.004557211184874177, 0.004803293035365641, 0.004222674528136849, 0.004872817196883261, 0.0038951848400756717, 0.005183797737117857, 0.004005348251666874, 0.004222239513183013, 0.004078715341165662, 0.005538390832953155, 0.004303097433876246, 0.004370414826553315, 0.003911515028448775, 0.004391232447233051]}