{"train_losses": [0.8382014632225037, 0.6633157655596733, 0.5635438288251559, 0.5180244967341423, 0.4826972832282384, 0.4821026399731636, 0.47894661128520966, 0.42148664593696594, 0.40836836646000546, 0.37228422860304516, 0.33987784882386524, 0.32351023331284523, 0.3175487754245599, 0.32320312534769374, 0.30049118399620056, 0.30050989985466003, 0.2795158599813779, 0.2811074008544286, 0.28611847882469493, 0.2741148869196574, 0.2611229233443737, 0.25591176996628445, 0.24432895332574844, 0.2374467427531878, 0.22521590813994408, 0.2174306499461333, 0.22413092479109764, 0.21545528496305147, 0.2082458660006523, 0.22791276375452676, 0.20388630653421083, 0.1916194986552, 0.18572919815778732, 0.1762729256103436, 0.17438233147064844, 0.15767731703817844, 0.1585072266558806, 0.16164185417195162, 0.15988567719856897, 0.15326974416772524, 0.14630979609986147, 0.1443327534943819, 0.14984504009286562, 0.17138669329384962, 0.14574144532283148, 0.1508207761993011, 0.1433847906688849, 0.1384422325839599, 0.14220010427137217, 0.14353659376502037, 0.1482128066321214, 0.140408202384909, 0.14050959857801595, 0.1409489872554938, 0.14194937236607075, 0.13554582744836807, 0.14615605088571706, 0.1447909064590931, 0.14648029146095118, 0.13794108914832273], "val_losses": [0.8220422565937042, 0.5414136946201324, 0.5825000256299973, 0.45789311826229095, 0.47391732037067413, 0.44980378448963165, 0.4264333099126816, 0.36848539113998413, 0.41811420023441315, 0.3192068263888359, 0.3041251376271248, 0.28841444849967957, 0.32860589772462845, 0.27323172241449356, 0.27192436903715134, 0.25921209901571274, 0.24972663074731827, 0.26669792085886, 0.25051914900541306, 0.24649909138679504, 0.2308470830321312, 0.23117069154977798, 0.21665231883525848, 0.22532881796360016, 0.2067609280347824, 0.19884804636240005, 0.19711582362651825, 0.17236951738595963, 0.2679665833711624, 0.21705355495214462, 0.1814582571387291, 0.17538759857416153, 0.1543501429259777, 0.19096025824546814, 0.16046041995286942, 0.14564353227615356, 0.15314389020204544, 0.1460096314549446, 0.1415242664515972, 0.13962744921445847, 0.14253976941108704, 0.13184405490756035, 0.17824488133192062, 0.14060362428426743, 0.1510591059923172, 0.14687824249267578, 0.14695312082767487, 0.1402808502316475, 0.1427047923207283, 0.1598345786333084, 0.14239788055419922, 0.14500870555639267, 0.15825428813695908, 0.12956415489315987, 0.13390584290027618, 0.13979540392756462, 0.14592405408620834, 0.13517242297530174, 0.15973426401615143, 0.13552220538258553]}