{"train_losses": [1.2895445390181108, 1.2624625699086622, 1.2782181040807203, 1.3397154808044434, 1.2986817793412642, 1.2458415708758614, 1.2067155648361554, 1.1740267249670895, 1.2919416698542507, 1.1829447610811754, 1.2555802193554966, 1.1251785836436532, 0.988190621137619, 0.9695217121731151, 0.973485838283192, 0.9434445175257596, 0.9330653223124418, 0.897583091800863, 0.9197536666284908, 1.0255624733187936, 0.9984138906002045, 1.1909257498654453, 0.9231029992753809, 0.8959621272303842, 0.8560168038715016, 1.3042091022838245, 1.2983825626698406, 1.2791324989362196, 1.247096755287864, 1.2160220417109402, 1.1913825571537018, 1.1380148015239022, 1.0754638422619214, 1.0434158444404602, 1.011172267523679, 0.9611209983175452, 0.8926106203686107, 0.8620011914860118, 0.7885729494419965, 0.7478389618071642, 0.8817630505019968, 0.8094417642463337, 0.9528161151842638, 0.9327957901087675, 0.8757960254495795, 0.870856220071966, 1.2468880252404646, 1.2879179607738147, 1.2838480228727513, 1.2809467261487788, 1.2784557721831582, 1.2768716785040768, 1.2697812102057717, 1.26224407824603, 0.9783459766344591, 0.8153672949834303, 0.6623387241905386, 0.6585369882258502, 0.6764203716408123, 0.5674416477029974, 0.4806807908144864, 0.48426100273023953, 0.5151558328758586, 0.5307996828447689, 0.8163396092978391, 0.5289630402218212, 0.5189201818271116, 0.5419470424001868, 0.5649287646467035, 0.8643569472161207, 0.8364916782487523, 0.7152127799662676, 0.6423959732055664, 0.5844384966926142, 0.5532385524023663, 0.4648032472892241, 0.5139705579389225, 0.521965351971713, 0.503030159256675, 0.552852148359472, 0.5452713424509222, 0.5210200067270886, 0.523903411897746, 0.5640332685275511, 0.5050304003737189, 0.4894320897080682, 0.6231055774471976, 0.4853214858607812, 0.592896696518768, 0.5277929631146517, 0.6110874780199744, 0.5262236940589818, 0.4599609754302285, 0.4640847871249372, 0.4801862436262044, 0.5003147714517333, 0.520351149819114, 0.5740866633978757, 0.5455114123496142, 0.47535754062912683, 0.4415523220192302, 0.5010431198911234, 0.4704920825633136, 0.44175362857905304, 0.48639184033328836, 0.5175438191403042, 0.47836736792867834, 0.6376277072863146, 0.5961713167754087, 0.5312421409921213, 0.4322129833427342, 0.47480804879557004, 0.5368980284441601, 0.4462430558421395, 0.4469751756299626, 0.4716138243675232, 0.40703493085774506, 0.48160535909912805, 0.48266527869484643, 0.4595333845777945], "val_losses": [1.1251163880030315, 1.1951371828715007, 1.0965774257977803, 1.190183440844218, 1.139680524667104, 1.116664469242096, 1.093269447485606, 1.0921431183815002, 1.0876302520434062, 1.2255294521649678, 1.1537607709566753, 0.9722068508466085, 0.7678901751836141, 1.0537092487017314, 0.7715464035669962, 0.5703556537628174, 0.6024389863014221, 0.6592246492703756, 0.5332155625025431, 0.6393307447433472, 1.1754926840464275, 0.6555684010187784, 0.5765698154767355, 0.62024986743927, 0.773749828338623, 1.179039200146993, 1.1555649638175964, 1.1306319832801819, 1.1016866366068523, 1.0680351257324219, 1.029958685239156, 0.9675574898719788, 0.9790594577789307, 0.9007987578709921, 0.9402306874593099, 0.8457353909810384, 0.8370612462361654, 0.7538097103436788, 0.6353148818016052, 0.8894644776980082, 0.8995947440465292, 0.6219675739606222, 0.5502102077007294, 0.5573361416657766, 0.5560154020786285, 0.5012575586636862, 1.152553637822469, 1.1539008418718975, 1.1620896458625793, 1.146316925684611, 1.1469223896662395, 1.1399381756782532, 1.135970135529836, 0.9799443880716959, 0.6863283713658651, 0.6914000908533732, 0.540745884180069, 0.6096547842025757, 0.6249988178412119, 0.5335431198279063, 0.5130586822827657, 0.6159075101216634, 0.5155551731586456, 0.53411665558815, 0.7005621592203776, 0.5237834453582764, 0.5165253480275472, 0.5222253898779551, 0.4940235714117686, 0.548875759045283, 0.6125527024269104, 0.6165274282296499, 0.5306136012077332, 0.5446639855702718, 0.5641566316286722, 0.5089619358380636, 0.5013530850410461, 0.49318188428878784, 0.7449639737606049, 0.7438998619715372, 0.564796527226766, 0.49839726090431213, 0.5131287972132365, 0.7084465324878693, 0.5391223430633545, 0.5409286220868429, 0.6918449203173319, 0.6835043132305145, 0.6870240072409312, 0.7717837691307068, 0.723161647717158, 0.5711578130722046, 0.5020950635274252, 0.49354077378908795, 0.5372193157672882, 0.498699555794398, 0.6337650716304779, 0.5759831964969635, 0.5470024645328522, 0.5086628397305807, 0.556077261765798, 0.5551368395487467, 0.49387747049331665, 0.6989814241727194, 0.7071468730767568, 0.5420429011185964, 0.7052223285039266, 0.6165585517883301, 0.6889468630154928, 0.4933071533838908, 0.4950392444928487, 0.6082942088445028, 0.5009576082229614, 0.4924608866373698, 0.49244430661201477, 0.5058925151824951, 0.49431482950846356, 0.5643896659215292, 0.5537342329819998, 0.49287909269332886]}