{"train_losses": [0.08775410242378712, 0.045364786974257894, 0.04332442405737109, 0.04178067555444108, 0.0363041323920091, 0.03497419309698873, 0.03457117867138651, 0.034426174954407744, 0.03258739080693987, 0.031541263684630394, 0.03135425618125333, 0.031070308552847967, 0.030744684239228565, 0.03123203685714139, 0.030900149502687983, 0.029620436434116628, 0.02994444128125906, 0.028204965198205575, 0.028838957970341045, 0.02756316287236081, 0.02814806542462773, 0.02760852159311374, 0.02772539367692338, 0.026894281204375956, 0.02576433981044425, 0.025962325123449165, 0.02529975658075677, 0.025349082321756415, 0.024234760656125016, 0.023404407314956188, 0.02266108461966117, 0.021757236474917993, 0.021871826921900112, 0.021327641119973526, 0.020548857231107023, 0.019635829608887434, 0.01969359504679839, 0.018394749766836565, 0.01857688215871652, 0.018329410968969267, 0.017173877244608268, 0.017154363708363637, 0.017379396439840395, 0.017457184795704152, 0.017442317110382848, 0.016352335456758738, 0.016402983261893194, 0.017116313179334004, 0.01653228886425495, 0.016423446643683646, 0.015526037559741072, 0.01557927666645911, 0.01579781523388293, 0.01618451563020547, 0.016682775277230475, 0.015588560400323736, 0.015849427733984258, 0.01577797407905261, 0.014829768230103783, 0.015450802735156484, 0.015028026886284351, 0.015137616493221786, 0.015305358606080214, 0.015516574339320263, 0.015037160004592605], "val_losses": [0.04298355306188265, 0.03890008603533109, 0.041520399351914726, 0.03237663395702839, 0.02679211211701234, 0.02613280713558197, 0.026285927121837933, 0.027010320996244747, 0.02421288937330246, 0.025142380967736244, 0.026509743183851242, 0.023865570003787678, 0.025662341465552647, 0.02661035644511382, 0.027427157387137413, 0.024273016179601353, 0.02257743664085865, 0.023178886622190475, 0.02404836316903432, 0.022685786088307697, 0.023815096045533817, 0.0216670756538709, 0.021710095927119255, 0.02157373974720637, 0.020678648725152016, 0.024893321717778843, 0.022170268620053928, 0.019359055906534195, 0.01971516323586305, 0.019226068630814552, 0.01773853972554207, 0.017060232659180958, 0.016200788939992588, 0.015839986813565094, 0.014854234643280506, 0.015224912824730078, 0.014767749855915705, 0.014073026987413565, 0.01484305194268624, 0.013512069980303446, 0.013801856897771358, 0.013644048012793064, 0.013353993184864521, 0.01261460967361927, 0.012224389861027399, 0.012351653538644314, 0.012217752945919832, 0.013618975567320982, 0.011964615434408188, 0.012421106298764547, 0.011756608573098978, 0.011915720999240875, 0.01326742209494114, 0.014339481480419636, 0.012719960883259773, 0.012491031549870968, 0.014832566492259502, 0.01290902029722929, 0.014288011007010937, 0.012746387471755346, 0.01235753484070301, 0.012718384775022665, 0.013086053232351938, 0.012633752388258776, 0.013107666745781898]}