{"train_losses": [0.11061755008995533, 0.045790060319834285, 0.05011975744532214, 0.04626573705010944, 0.042914435991810426, 0.04059915099706915, 0.04079541770948304, 0.03730870679848724, 0.03624588996171951, 0.0347402881210049, 0.033167165186670095, 0.03362723057054811, 0.03290582158499294, 0.03384210407319996, 0.0317693967372179, 0.03347586592038473, 0.030915919691324234, 0.03196131489757034, 0.030326942085391946, 0.0302110712768303, 0.031160026892191835, 0.031009778897795413, 0.030521168373525143, 0.029931060866349272, 0.029587822759317026, 0.030266517773270607, 0.030805043255289394, 0.029471689007348485, 0.02952603395614359, 0.029631648316151567, 0.02918347054057651, 0.02942061269034942, 0.028565328982141282, 0.029177871015336778, 0.028832395561039448, 0.02823914277056853, 0.02866656892001629, 0.028921124214927357, 0.02839289615965552, 0.02766570666184028, 0.027114042080938816, 0.027592476560837693, 0.027266956141425505, 0.02767154626134369, 0.026426454799042806, 0.02751421680053075, 0.02749053544054429, 0.025834603752526972, 0.026215385128226545, 0.02625055756005976, 0.02540824044909742, 0.024887506746583514, 0.023805289011862543, 0.024173379668758974, 0.02370835364692741, 0.022829049163394503, 0.022792485128674243, 0.022282890871995024, 0.021905262540611956, 0.022251466806564067, 0.022121057328250673, 0.021709557208749983, 0.021002541813585494, 0.021387317838768165, 0.021289619927604992, 0.020611160900443792, 0.02079506606484453, 0.021048692986369133, 0.02002751977286405, 0.020727598367051944, 0.01977871482570966, 0.020718427892360423, 0.020120473785532847, 0.020481703699462943, 0.02012003989269336, 0.01986397999442286, 0.02147484493131439, 0.020586344206498727, 0.02076613364948167, 0.02009704988449812, 0.020541919550548, 0.02029791246685717, 0.019976355601102114, 0.020163345098909404, 0.02016022837617331], "val_losses": [0.042062400529781975, 0.0455129345258077, 0.04563431441783905, 0.04465744892756144, 0.036232387026151024, 0.03634217008948326, 0.03500353544950485, 0.026868584876259167, 0.02735789492726326, 0.02643406515320142, 0.02648448261121909, 0.024748940641681354, 0.025080664083361626, 0.024427499622106552, 0.025059716155131657, 0.026864096522331238, 0.026680439089735348, 0.023113178710142773, 0.0231648546953996, 0.02727862385412057, 0.02548231619099776, 0.022975240523616474, 0.026825505619247753, 0.027164815614620846, 0.023096211875478428, 0.024847876901427906, 0.025443554545442264, 0.022289757927258808, 0.023544782151778538, 0.02435536061724027, 0.023451029633482296, 0.023027227570613224, 0.022453339770436287, 0.02460057723025481, 0.02425278661151727, 0.022839695836106937, 0.02215985705455144, 0.02346166782081127, 0.021251802022258442, 0.02287769379715125, 0.021186350534359615, 0.02099751556913058, 0.02161567471921444, 0.0205922219902277, 0.02132321459551652, 0.02292088729639848, 0.020447971920172375, 0.01970577798783779, 0.020984167853991192, 0.019464288217326004, 0.01875496345261733, 0.018511635561784107, 0.017857182460526626, 0.01762555291255315, 0.016959755991895992, 0.01749369315803051, 0.016446673932174843, 0.016240436273316543, 0.016275246006747086, 0.015659849469860394, 0.015630179395278294, 0.015292420983314514, 0.01434687493989865, 0.015634399217863876, 0.014723502099514008, 0.014837797731161118, 0.014413421973586082, 0.01446460218479236, 0.014793405619760355, 0.014102844521403313, 0.016833540052175522, 0.01504874974489212, 0.014940750785171986, 0.014218411097923914, 0.014048748339215914, 0.014587510687609514, 0.015558710632224878, 0.015045279016097387, 0.014563348765174547, 0.014589786839981874, 0.01593868713825941, 0.014995234397550425, 0.014882848287622133, 0.015423687485357126, 0.014692744550605616]}