{"train_losses": [0.7082430422306061, 0.7005465996265411, 0.6791783797740937, 0.604479478597641, 0.5952230989933014, 0.533189435005188, 0.4991264092922211, 0.4894053900241852, 0.46568345665931704, 0.47129822134971616, 0.44930858552455905, 0.5183285570144653, 0.475965136885643, 0.5033340162038803, 0.4963562262058258, 0.5406970047950744, 0.5493304324150086, 0.5290956473350525, 0.4930314254760742, 0.6016780960559845, 0.5144870829582214, 0.5394062256813049, 0.4786879849433899, 0.4430208945274353, 0.4128363591432571, 0.43000954151153564, 0.4145034945011139, 0.4099254834651947, 0.39755959808826447, 0.40600193321704864, 0.41159588098526, 0.4090243268013001, 0.4495890599489212, 0.5414478600025177, 0.5241780042648315, 0.51514151096344, 0.5556463038921357, 0.5423559105396271, 0.5253909850120544, 0.49240678548812866, 0.42831071197986603, 0.42644652605056765, 0.4185395222902298, 0.4261885017156601, 0.4387517845630646, 0.42086822986602784, 0.4145278787612915, 0.3978589165210724, 0.392314493060112, 0.39047729313373564, 0.3750965231657028, 0.36097868144512174, 0.33904377460479734, 0.31273444831371305, 0.28787738442420957, 0.262398436665535, 0.2381031608581543, 0.2284683972597122, 0.21706622064113618, 0.21270687460899354, 0.2137838262319565, 0.21236362159252167, 0.20838689982891082, 0.19367628812789917, 0.1851900774240494, 0.17978827714920043, 0.18117834120988846, 0.1776685705780983, 0.16791826486587524, 0.1683160325884819, 0.17439134836196898, 0.16468641251325608, 0.16830889850854874, 0.16547999709844588, 0.15814278841018678, 0.14977111488580705, 0.151829791367054, 0.15660017132759094, 0.15624844938516616, 0.1551757937669754, 0.16272739589214325, 0.15040439009666443, 0.15276967942714692, 0.15370231986045838, 0.15099431812763214, 0.14570448637008668, 0.14547261744737625, 0.1451006704568863, 0.14629522532224656, 0.14454417079687118, 0.14123315542936324, 0.14198266714811325, 0.14208632111549377, 0.14718765020370483, 0.14211138486862182, 0.13931353628635407, 0.13779647678136825, 0.1577063313126564, 0.14144059360027314, 0.13769677728414537, 0.1582050958275795, 0.14764642000198364, 0.1428753450512886, 0.14701808363199234, 0.14108995527029036, 0.14370444536209107, 0.1387358295917511, 0.1341039228439331, 0.1420620420575142, 0.1437838214635849, 0.14170530289411545, 0.13607173919677734, 0.13738149136304856, 0.13604410111904144, 0.1356667086482048, 0.13607497423887252, 0.13580933570861817, 0.13461311548948288, 0.13914927512407302, 0.1349151223897934], "val_losses": [0.6957519203424454, 0.7581783384084702, 0.6095005199313164, 0.755659282207489, 0.7190101593732834, 0.5139591172337532, 0.7042841389775276, 0.5309421941637993, 0.4197308123111725, 0.4881635569036007, 0.3428884446620941, 0.5413592681288719, 0.5264782458543777, 0.5030336380004883, 0.5238913148641586, 0.48561282455921173, 0.4908059611916542, 0.5814555212855339, 0.5844595655798912, 0.45323822647333145, 0.7754560485482216, 0.46749649196863174, 0.48493659868836403, 0.42626354470849037, 0.5521661229431629, 0.4928685910999775, 0.48262858018279076, 0.49885107204318047, 0.42452024668455124, 0.44464169442653656, 0.43320728465914726, 0.5015190206468105, 0.43828360736370087, 0.4771905019879341, 0.5897396877408028, 0.4855389669537544, 0.5096824318170547, 0.5175253748893738, 0.6908334568142891, 0.5062365084886551, 0.520137220621109, 0.5189282596111298, 0.5403962880373001, 0.4445992112159729, 0.5255971103906631, 0.5283823683857918, 0.47954144328832626, 0.5647575445473194, 0.4863468296825886, 0.49681807681918144, 0.3482593595981598, 0.424877867102623, 0.30266106873750687, 0.3472214713692665, 0.3833409771323204, 0.302898533642292, 0.2544502653181553, 0.20841217041015625, 0.21634207293391228, 0.2164941541850567, 0.19828437268733978, 0.19361551851034164, 0.19765036553144455, 0.19574744254350662, 0.16621533781290054, 0.19293369725346565, 0.16245805844664574, 0.16349698975682259, 0.1482065785676241, 0.18246086686849594, 0.15060307644307613, 0.16879290714859962, 0.15272686630487442, 0.1444942057132721, 0.14879848808050156, 0.1309226881712675, 0.14364065788686275, 0.13150077685713768, 0.14456375129520893, 0.16171586886048317, 0.13343877531588078, 0.1330398041754961, 0.14666629396378994, 0.14100617542862892, 0.12889615260064602, 0.13038350641727448, 0.13178961165249348, 0.13340497575700283, 0.13981685601174831, 0.15142999216914177, 0.14210435934364796, 0.13165521807968616, 0.13825900293886662, 0.14078264124691486, 0.12741938792169094, 0.12610904779285192, 0.13125004805624485, 0.1245661498978734, 0.12830499187111855, 0.13659344241023064, 0.13285457156598568, 0.13314593862742186, 0.15068311989307404, 0.14181730709969997, 0.15225709602236748, 0.1414049230515957, 0.13584514893591404, 0.13371687196195126, 0.13795100338757038, 0.13198491372168064, 0.12881569750607014, 0.13189765624701977, 0.12970255874097347, 0.11976315081119537, 0.14366896264255047, 0.13734741508960724, 0.12755072489380836, 0.13477161899209023, 0.12539979070425034, 0.13109285570681095]}