{"train_losses": [0.7539909970760346, 0.6264877510070801, 0.5378321075439453, 0.5118584841489792, 0.43085793375968934, 0.3081765133142471, 0.25263224720954897, 0.22166847169399262, 0.20291510909795762, 0.18906116247177124, 0.18368534326553346, 0.17544335067272188, 0.1895770788192749, 0.17119385570287704, 0.17005462646484376, 0.16511843860149383, 0.17110528886318208, 0.1611941361427307, 0.16363391757011414, 0.16424137949943543, 0.16289628386497498, 0.16037868320941925, 0.16351198196411132, 0.16193173080682755, 0.1606074595451355, 0.16119724303483962, 0.1589290678501129, 0.15633598178625108, 0.15180638581514358, 0.1510083156824112, 0.1499814459681511, 0.14981647610664367, 0.15236651480197907, 0.15497196912765504, 0.1569870552420616, 0.1485337832570076, 0.14769450902938844, 0.14688853234052657, 0.1488206684589386, 0.13898613035678864, 0.14355787247419358, 0.13978471785783766, 0.14573465377092362, 0.13970888584852217, 0.13750896394252776, 0.1364169406890869, 0.13568972408771515, 0.1324956586956978, 0.13234285414218902, 0.12987859606742858, 0.14031563609838485, 0.13348736524581908, 0.12906436264514923, 0.13107474982738496, 0.12323914736509323, 0.12785206586122513, 0.13081032842397688, 0.12256766557693481, 0.12291738897562027, 0.12717870354652405, 0.12734407901763917, 0.12114238291978836, 0.11667036548256875, 0.12594770789146423, 0.1207652023434639, 0.1189078876376152, 0.12226624548435211, 0.13558983474969863, 0.11733497321605682, 0.11524402856826782, 0.12187670469284058, 0.1168935078382492, 0.11840004026889801, 0.11521586507558823, 0.11646011263132096, 0.11381532341241836, 0.11849695384502411, 0.11592618465423583, 0.11597977101802825, 0.11449201852083206, 0.1120931363105774, 0.11346612393856048, 0.11322219371795654, 0.11626834958791733, 0.11331564009189606, 0.11443796545267106, 0.11104145109653472, 0.10980673789978028, 0.11228329509496689, 0.11154873922467232, 0.11097772538661957, 0.11123249217867852, 0.10579301953315735, 0.11091329365968704, 0.1063659891486168, 0.10945557653903962, 0.10331165909767151, 0.10902418166399003, 0.10787258073687553, 0.10520032286643982], "val_losses": [0.7687119245529175, 0.6665826216340065, 0.6414643302559853, 0.555464394390583, 0.5333396568894386, 0.2857053168118, 0.2747454233467579, 0.23039311543107033, 0.1951734721660614, 0.17667263373732567, 0.16789575293660164, 0.15875964611768723, 0.15368333458900452, 0.1679387353360653, 0.1492513157427311, 0.1726989522576332, 0.1663493812084198, 0.14369550347328186, 0.1458108276128769, 0.159150755032897, 0.15126156993210316, 0.140816243365407, 0.15710999257862568, 0.14741523750126362, 0.1323720347136259, 0.14884432032704353, 0.14092698507010937, 0.14932464249432087, 0.13776367902755737, 0.1544929053634405, 0.13883678428828716, 0.13581536523997784, 0.134562267921865, 0.13746409583836794, 0.12768589053303003, 0.14472424238920212, 0.12898920197039843, 0.1470018085092306, 0.12713913898915052, 0.11918292427435517, 0.1207161694765091, 0.1470762062817812, 0.12207429204136133, 0.1223713094368577, 0.12729445099830627, 0.11990634072571993, 0.12005274090915918, 0.10954628651961684, 0.11538754217326641, 0.11213747132569551, 0.12218527309596539, 0.11654186807572842, 0.11710608936846256, 0.10873277392238379, 0.11740605998784304, 0.12674398347735405, 0.10923504177480936, 0.11389526631683111, 0.11571702733635902, 0.11202776618301868, 0.1081905672326684, 0.1087643364444375, 0.10793246701359749, 0.11485553067177534, 0.10733793210238218, 0.10361762205138803, 0.10870867827907205, 0.11127447709441185, 0.10830754041671753, 0.11375041073188186, 0.11191499978303909, 0.11780480202287436, 0.10511424811556935, 0.10530201625078917, 0.1027147606946528, 0.1036835964769125, 0.11655234638601542, 0.10853798780590296, 0.1132098650559783, 0.10621785279363394, 0.1035271231085062, 0.11036850605159998, 0.11999140679836273, 0.1045268252491951, 0.10545202158391476, 0.10381092829629779, 0.10453304462134838, 0.10793511616066098, 0.1280112462118268, 0.10712003940716386, 0.11123691219836473, 0.10644511505961418, 0.11242537805810571, 0.09577244846150279, 0.09732162579894066, 0.10568546131253242, 0.10616251640021801, 0.10294429864734411, 0.09642308065667748, 0.09042221773415804]}