{"train_losses": [0.12297756845752399, 0.0659038107842207, 0.04739615165938934, 0.04539304754386345, 0.04170787644882997, 0.03890248496706287, 0.036826929077506065, 0.03657877647007505, 0.03338025386134783, 0.03368586984773477, 0.032155406195670366, 0.027972720408191282, 0.024613995803520083, 0.026933931978419423, 0.023989783134311438, 0.02326308547829588, 0.021605116548016667, 0.021034445613622665, 0.02067951314772169, 0.0200862269072483, 0.020156227905924123, 0.019909061957150698, 0.018926519978170592, 0.018653788681452472, 0.01849433601212998, 0.018794230573500197, 0.01822966888236503, 0.019407005204508703, 0.017698478186503053, 0.017579488378639024, 0.016953625871489447, 0.0174361156920592, 0.01671168867809077, 0.017424114669362705, 0.01509081719753643, 0.013981313056622943, 0.016914538185422618, 0.014146507562448582, 0.012170074856840074, 0.012105589654917518, 0.014469342228646079, 0.011288469424471259, 0.010287854354828596, 0.009857444131436447, 0.010051130433566868, 0.008333323911453286, 0.00913895876146853, 0.009703388825679818, 0.010223619795093933, 0.007535391021519899], "val_losses": [0.07770131900906563, 0.053296107798814774, 0.04327177628874779, 0.03889619093388319, 0.04067595303058624, 0.03913071844726801, 0.035168503411114216, 0.035198455676436424, 0.034370467998087406, 0.03130767773836851, 0.03310482669621706, 0.027564214542508125, 0.029539776034653187, 0.025234941393136978, 0.02115709474310279, 0.020940958987921476, 0.02045685611665249, 0.020272861700505018, 0.019585396628826857, 0.019093539100140333, 0.019845265429466963, 0.019992421846836805, 0.018848490435630083, 0.019724313635379076, 0.01953258505091071, 0.0194475119933486, 0.01828282978385687, 0.01927716052159667, 0.01808597519993782, 0.01645014900714159, 0.017391896108165383, 0.01535235345363617, 0.017988340463489294, 0.017779595218598843, 0.014645949006080627, 0.012510245200246572, 0.01324338000267744, 0.012463564053177834, 0.01302792876958847, 0.012821316020563245, 0.012914668768644333, 0.010757893323898315, 0.01243260595947504, 0.015566466841846704, 0.009172177175059915, 0.00874776765704155, 0.013077118434011936, 0.011585748521611094, 0.008832640014588833, 0.008012929232791066]}