{"train_losses": [0.7994460115830103, 0.6726099054018656, 0.49089204023281735, 0.4464740554491679, 0.43050258855024975, 0.39098797738552094, 0.37660667300224304, 0.3587324842810631, 0.3154876319070657, 0.27411092321077984, 0.2558523391683896, 0.24988424529631934, 0.24058660616477331, 0.23741812258958817, 0.2137773633003235, 0.21165331453084946, 0.20962479710578918, 0.20054425112903118, 0.2104202869037787, 0.2163566698630651, 0.19351831202705702, 0.1896429272989432, 0.18903037098546824, 0.1818078694244226, 0.17634188694258532, 0.17446606357892355, 0.1725835738082727, 0.16609278445442519, 0.16975180059671402, 0.1678207361449798, 0.16105432249605656, 0.15751022845506668, 0.15631605995198092, 0.1540956236422062, 0.17365528953572115, 0.17341570680340132, 0.15731637924909592, 0.15038415603339672, 0.15390044388671717, 0.15764368077119192, 0.15666176937520504, 0.15254249858359495, 0.14796016675730547, 0.14875241244832674, 0.14849396360417208, 0.15604080011447272, 0.14484497594336668, 0.14500525469581285, 0.15128105071683726, 0.1445247611651818], "val_losses": [0.8170269727706909, 0.5401241034269333, 0.4350443035364151, 0.41700930893421173, 0.3772657960653305, 0.35717320442199707, 0.3549172133207321, 0.2923864424228668, 0.2799146920442581, 0.25230488181114197, 0.2220957651734352, 0.2266976684331894, 0.2282789722084999, 0.20828640460968018, 0.1982116848230362, 0.21267076581716537, 0.19586104154586792, 0.20142851024866104, 0.20524299144744873, 0.20007797330617905, 0.1758584827184677, 0.1922123059630394, 0.16997016966342926, 0.16941239684820175, 0.1711505874991417, 0.16782337427139282, 0.16400137543678284, 0.16094078123569489, 0.15744318068027496, 0.15264461934566498, 0.15038083493709564, 0.14901448041200638, 0.14996162801980972, 0.1767427995800972, 0.17542347311973572, 0.14804968982934952, 0.15794315934181213, 0.14336060360074043, 0.15623591095209122, 0.14057565107941628, 0.14609891921281815, 0.1433253139257431, 0.1439441293478012, 0.15406569838523865, 0.14625460654497147, 0.13944992050528526, 0.1462496593594551, 0.14847836270928383, 0.1438162922859192, 0.14337071403861046]}