{"train_losses": [0.06971260936309893, 0.03743911348283291, 0.03309999732300639, 0.03244758785391847, 0.029471120331436396, 0.022690972313284874, 0.022909457484881084, 0.018755154761796195, 0.018289839538435142, 0.01655170585339268, 0.015970036232223112, 0.01598913874477148, 0.021356323811536033, 0.016604452626779675, 0.016092858316066366, 0.014363301529859504, 0.013735744869336486, 0.012926981085911393, 0.012678536120802164, 0.013102410438780984, 0.012884617239857713, 0.012567579047754407, 0.01172210369259119, 0.011707823917580148, 0.011399762549748024, 0.01110762485768646, 0.010717505356296897, 0.010524434735998511, 0.01145645510405302, 0.012691189534962177, 0.011853024324712655, 0.010169359661328295, 0.010210769445014497, 0.009772551556428274, 0.009700937778688967, 0.010181218928967914, 0.00968634783445547, 0.00928192624511818, 0.009448422856318453, 0.00941680883988738, 0.009606738730023304, 0.009146773683217665, 0.009495684139740964, 0.009395383259591958, 0.009115436774057647, 0.009038074485336741, 0.008713900810107589, 0.008972672706780335, 0.008829643484205008, 0.00879624035830299, 0.008846297122848531, 0.00866339021983246, 0.008828640372181932, 0.009050669924666485, 0.008405491166437665, 0.0085059111394609, 0.008575205962794522, 0.009089895446474353, 0.009095478376063207, 0.008407093700952828, 0.008734086489615342, 0.008590783070152005, 0.008597045089118183, 0.008195849795204898, 0.008181834205364188, 0.008184371089252332, 0.008356239297427237, 0.008532214676961303, 0.008321810940590998, 0.007824683018649617, 0.007563634387527903, 0.007742484915070236, 0.007594428801288207, 0.007753431564196944, 0.00803096949433287, 0.007472917631578942, 0.008291935198940337, 0.00697250811693569, 0.0070614330082510906, 0.0070948143644879265], "val_losses": [0.045174967497587204, 0.03688164800405502, 0.036680830642580986, 0.03556343540549278, 0.02113001048564911, 0.02241316344588995, 0.021087334491312504, 0.019295162055641413, 0.02081453613936901, 0.0189733961597085, 0.018486016429960728, 0.01833043759688735, 0.018434347119182348, 0.017745154909789562, 0.01736891781911254, 0.01729442086070776, 0.01818762207403779, 0.017193870153278112, 0.01876972522586584, 0.0167609048075974, 0.015680157113820314, 0.01622668094933033, 0.017809348180890083, 0.014047940727323294, 0.01378216641023755, 0.01479116128757596, 0.013232551515102386, 0.012782357633113861, 0.016120040323585272, 0.015120190568268299, 0.012722475919872522, 0.012123886495828629, 0.012820805888623, 0.011902527883648872, 0.011659999378025532, 0.011551770847290754, 0.012652845121920109, 0.012235152535140514, 0.012089521624147892, 0.011373329907655716, 0.011306801810860634, 0.011967718601226807, 0.012356654275208712, 0.011444014497101307, 0.011913904920220375, 0.011497024446725845, 0.010810261126607656, 0.010950097814202309, 0.010411298368126154, 0.011609174311161041, 0.011169237084686756, 0.010799490381032228, 0.011796768754720688, 0.010256695095449686, 0.011095824651420116, 0.010600784793496132, 0.01236220309510827, 0.011443830095231533, 0.010982915759086609, 0.010932493023574352, 0.010297327768057585, 0.010657509323209524, 0.011270089540630579, 0.010662047192454338, 0.010372933000326157, 0.009970807936042547, 0.011230312753468752, 0.010281010065227747, 0.009588230401277542, 0.009062033146619797, 0.009471368743106723, 0.010244854725897312, 0.009390134364366531, 0.010320302564650774, 0.009996346663683653, 0.01036412175744772, 0.008442353922873735, 0.00839852704666555, 0.008080089697614312, 0.00874666147865355]}