{"train_losses": [0.8439623564481735, 0.8226875762144724, 0.7624839941660563, 0.5757071822881699, 0.48880645384391147, 0.4436620722214381, 0.43454304834206897, 0.41795480251312256, 0.41340918093919754, 0.4000135486324628, 0.3924215684334437, 0.3844326163331668, 0.37598644693692523, 0.37515993292133015, 0.3809312830368678, 0.3687924047311147, 0.35253394146760303, 0.3335905099908511, 0.3347818988064925, 0.3325537045796712], "val_losses": [0.8894000351428986, 0.866832435131073, 0.7489050328731537, 0.4935225695371628, 0.4211074560880661, 0.4339880645275116, 0.4434340000152588, 0.41478516161441803, 0.399387463927269, 0.3811880499124527, 0.37481752038002014, 0.3618307262659073, 0.3586210757493973, 0.3462076634168625, 0.3592064380645752, 0.3462376222014427, 0.31617020070552826, 0.2962280958890915, 0.3173232600092888, 0.2973760738968849]}