{"train_losses": [0.10010419579015838, 0.04541768319904804, 0.042626865208148956, 0.042525799531075686, 0.04019741682956616, 0.0374338844170173, 0.03461920242342684, 0.031164943137102656, 0.03276908977164163, 0.03035800624638796, 0.029673801838523813, 0.02985196705493662, 0.029651850254999265, 0.028016154964764912, 0.028943335637450218, 0.028061455840037927, 0.026397688417798944, 0.02667153399023745, 0.026891586370766163, 0.025724769259492557, 0.025590071144203346, 0.02533838815159268, 0.02585500789185365, 0.02494159744431575, 0.023516969341370795, 0.02393198779059781, 0.022967813536524773, 0.021577255696886115, 0.02147837221208546, 0.02098766290065315, 0.01987013712318407, 0.018951198396583397, 0.01948430047680934, 0.019578408242927656, 0.01927158060587115, 0.018109167149911325, 0.018580529787060287, 0.01785954527763857, 0.01704083548651801, 0.017100689932703972, 0.016805052032901183, 0.016121280741774373, 0.01773040250150694, 0.01684538492312034, 0.017635581756217614, 0.016826347551412053, 0.01648182064915697, 0.016097147690339222, 0.016078682512872748, 0.015366074163466692, 0.016210648696869612, 0.01638143825241261, 0.016156047944807343, 0.0157749662693176, 0.015657313116308715, 0.015114947894795073, 0.01542839790797896, 0.0146502157052358, 0.015058244164619181, 0.015136136518170437, 0.014586046286341216, 0.014560793060809374, 0.014512155877633227, 0.014502898996902837, 0.014259145750353733], "val_losses": [0.04118519276380539, 0.04332665105660757, 0.03990792234738668, 0.03725492705901464, 0.035442269096771874, 0.030132584894696873, 0.03166779316961765, 0.026076070964336395, 0.02399917443593343, 0.02459314651787281, 0.025317220638195675, 0.02405212198694547, 0.02295591247578462, 0.026620470608274143, 0.0240419569114844, 0.021594444289803505, 0.023794281606872875, 0.024528785298268, 0.02219742474456628, 0.022349095592896145, 0.020770990600188572, 0.022380482405424118, 0.023635553816954296, 0.022256020456552505, 0.018091125413775444, 0.018554070654014748, 0.01736982756604751, 0.017120896217723686, 0.019558847571412723, 0.01764346535007159, 0.015299994808932146, 0.014076412034531435, 0.015943507353464764, 0.014683752010265986, 0.013637708189586798, 0.0140914898365736, 0.013520786228279272, 0.012550856918096542, 0.013100730876127878, 0.012646859201292196, 0.011529533813397089, 0.013220408000051975, 0.014997875628372034, 0.01338949054479599, 0.012394093908369541, 0.015227862944205603, 0.011985947998861471, 0.01178815464178721, 0.01236432914932569, 0.012912964758773645, 0.01268545693407456, 0.012666886672377586, 0.013229220484693846, 0.012554208127160868, 0.013327806567152342, 0.013948684558272362, 0.012527242923776308, 0.012385396597286066, 0.013254432938992977, 0.011812391690909863, 0.01242110567788283, 0.013210500590503216, 0.013508200335005919, 0.012352367863059044, 0.012229526105026403]}