{"train_losses": [0.840167964498202, 0.665851779282093, 0.5555119067430496, 0.5114526475469271, 0.4860278442502022, 0.4596275935570399, 0.4797247275710106, 0.43024637301762897, 0.4062391072511673, 0.368444283803304, 0.33820996060967445, 0.3397871380050977, 0.31897207722067833, 0.3201185551782449, 0.30714960644642514, 0.3008529593547185, 0.288158858815829, 0.28535545368989307, 0.2816732202967008, 0.2806822173297405, 0.27542844663063687, 0.2611783693234126, 0.2563747204840183, 0.26024093603094417, 0.2563629647095998, 0.24153118456403413, 0.23849934339523315, 0.23592423150936762, 0.23862742135922113, 0.22671096523602804, 0.21096626420815787, 0.21520175909002623, 0.20367104932665825, 0.2088338484366735, 0.1824788935482502, 0.2125492145617803, 0.20057968981564045, 0.20869801690181097, 0.19090303778648376, 0.1760445578644673, 0.16075323584179083, 0.17470964913566908, 0.16301161671678224, 0.16033677694698176, 0.15157735844453177, 0.15741201055546603, 0.1891913954168558, 0.17278101108968258, 0.15728979433576265, 0.1533291513721148], "val_losses": [0.8543249368667603, 0.605607658624649, 0.4778442233800888, 0.4657563865184784, 0.4746467173099518, 0.42701733112335205, 0.40608812868595123, 0.4098774641752243, 0.3965786546468735, 0.36073170602321625, 0.35206708312034607, 0.3163442090153694, 0.29189925640821457, 0.28609663993120193, 0.28740963339805603, 0.2759288176894188, 0.2647464722394943, 0.2687104865908623, 0.28748326748609543, 0.2623477131128311, 0.23523569852113724, 0.24933268874883652, 0.22999438643455505, 0.2350379079580307, 0.2253309041261673, 0.23135830461978912, 0.2285550981760025, 0.2107415646314621, 0.21700654178857803, 0.24526862055063248, 0.2081516683101654, 0.20569932460784912, 0.2146797478199005, 0.18201236426830292, 0.20192844420671463, 0.19278371334075928, 0.2038334235548973, 0.18915722519159317, 0.19435682892799377, 0.19587509334087372, 0.14949537068605423, 0.1412329375743866, 0.14886320382356644, 0.17123188823461533, 0.14934274554252625, 0.15360911190509796, 0.168901689350605, 0.15076640993356705, 0.17207077890634537, 0.18452395498752594]}