{"train_losses": [33.0136541087519, 32.86971750719981, 32.7096010832624, 32.536717324771665, 32.47314745390957, 32.44530956887386, 32.43359630148519, 32.419238333675, 32.4158021167598, 32.423068371347405, 32.42089102451097, 32.4085656597533, 32.40439042144201, 32.40002159232443, 32.40272309055383, 32.39483275467699, 32.39394877495413, 32.39076178673316, 32.390293084423654, 32.38696840828793, 32.38116041062908, 32.38167062367905, 32.373091427439995, 32.36966159397905, 32.37254016541622, 32.35528387230906, 32.351215644993566, 32.33364534953778, 32.321390992707826, 32.311144241893835], "val_losses": [0.6252321203549703, 0.5009953677654266, 0.3499642014503479, 0.27558589975039166, 0.24006966253121695, 0.19917517403761545, 0.19230844577153525, 0.166906068722407, 0.20623538394769034, 0.18299985925356546, 0.16142738858858743, 0.1598034749428431, 0.1511670102675756, 0.14735435446103415, 0.14677309493223825, 0.1523954470952352, 0.14745685706535974, 0.14261672149101892, 0.14363918701807657, 0.1370030219356219, 0.1410571982463201, 0.13756844649712244, 0.13415402670701346, 0.13463606437047324, 0.14578848580519357, 0.13311774532000223, 0.1242634728550911, 0.12435357769330342, 0.1181007797519366, 0.12269973009824753]}