{"train_losses": [0.7058776269356409, 0.4633075123031934, 0.4122951850295067, 0.3825968677798907, 0.3439914745589097, 0.3011641514798005, 0.2731399858991305, 0.260960395137469, 0.24186940863728523, 0.22746137405435243, 0.19279846300681433, 0.20486052334308624, 0.18043244009216627, 0.1735125749061505, 0.1546358341972033, 0.1489267349243164, 0.14718568759659925, 0.15146632057925066, 0.14978286686042944, 0.14903756168981394], "val_losses": [0.5144105404615402, 0.42452944815158844, 0.3746516704559326, 0.36471298336982727, 0.2957285940647125, 0.2635025456547737, 0.24260131269693375, 0.22209573537111282, 0.25407758355140686, 0.18990583717823029, 0.1630425527691841, 0.18773749470710754, 0.15717735141515732, 0.14834339916706085, 0.13832253217697144, 0.1325645074248314, 0.1242755763232708, 0.1328800693154335, 0.1320129856467247, 0.13427967578172684]}