{"train_losses": [0.7979364842176437, 0.6118170022964478, 0.4055396591623624, 0.30632294714450836, 0.2779582217335701, 0.26012742271025974, 0.2497908112903436, 0.2343966836730639, 0.22454950089255968, 0.22930133218566576, 0.2134597214559714, 0.19848006094495454, 0.19249804814656576, 0.18286017576853433, 0.17942742009957632, 0.1709507405757904, 0.1722389105707407, 0.1655061828593413, 0.15039314019183317, 0.1551256887614727, 0.16896385823686919, 0.1642653445402781, 0.18199399362007776, 0.17188694079717, 0.16174676269292831, 0.14723115848998228, 0.14711011263231435, 0.14771058348317942, 0.14490067772567272, 0.1502115639547507, 0.1558781781544288, 0.14364588633179665, 0.14989647393425307, 0.14800574878851572, 0.14428459418316683, 0.13985331170260906, 0.14530906329552332, 0.14345435736080012, 0.1389986996849378, 0.14057345936695734, 0.14370051957666874, 0.13659807170430818, 0.13648895795146623, 0.14063613675534725, 0.13667910111447176, 0.1331885109345118, 0.13251695781946182, 0.13316469204922518, 0.13099545054137707, 0.1324325588842233], "val_losses": [0.8079935312271118, 0.4503670185804367, 0.3482323884963989, 0.2714417204260826, 0.2459925040602684, 0.23136118799448013, 0.22855295985937119, 0.21432649344205856, 0.22968532890081406, 0.1997116357088089, 0.18975664675235748, 0.1991378292441368, 0.19255564361810684, 0.2187916412949562, 0.15743622183799744, 0.1289268247783184, 0.14608237892389297, 0.15400926768779755, 0.15581034123897552, 0.149263646453619, 0.14903847128152847, 0.1600884646177292, 0.15365929901599884, 0.1600678563117981, 0.1688786968588829, 0.13322969526052475, 0.13082262128591537, 0.13485483825206757, 0.1276412308216095, 0.14167281985282898, 0.13966356217861176, 0.14438819140195847, 0.13807984814047813, 0.1514471173286438, 0.14422795176506042, 0.13744177669286728, 0.12697787955403328, 0.12827829271554947, 0.14863964915275574, 0.15681548416614532, 0.14236749708652496, 0.1355912983417511, 0.16350501775741577, 0.13771413266658783, 0.1367475837469101, 0.14256366342306137, 0.14495893567800522, 0.14155685156583786, 0.143730990588665, 0.13691165670752525]}