{"train_losses": [0.8114749789237976, 0.7234956870476404, 0.5466493517160416, 0.46088506778081256, 0.42369332661231357, 0.38659470652540523, 0.3739945900936921, 0.35281311099727947, 0.32615364467104274, 0.29465178151925403, 0.27712707966566086, 0.2737077735364437, 0.2608528236548106, 0.25292632977167767, 0.23430919150511423, 0.2266519951323668, 0.2402595542371273, 0.2227081023156643, 0.22453386212388673, 0.21368619178732237, 0.21049854904413223, 0.2102263905107975, 0.19098511338233948, 0.1847736400862535, 0.18384092984100184, 0.18952877509097257, 0.1797055539985498, 0.17628086730837822, 0.1697489091505607, 0.16909360264738402, 0.1688260460893313, 0.17031901143491268, 0.1638466970374187, 0.16650701810916266, 0.16406462031106153, 0.16488930396735668, 0.15800723185141882, 0.16849846889575323, 0.16048010252416134, 0.162105530500412, 0.16004774222771326, 0.16060614958405495, 0.15559829771518707, 0.15267643767098585, 0.16058019983271757, 0.16028709523379803, 0.15711419160167375, 0.1536397853245338, 0.1563090526809295, 0.16343016798297563], "val_losses": [0.832599014043808, 0.6248842179775238, 0.4600614011287689, 0.4644985496997833, 0.385233536362648, 0.46319256722927094, 0.33996859192848206, 0.37152430415153503, 0.2904451712965965, 0.2886863499879837, 0.26610008627176285, 0.24160228669643402, 0.23137744516134262, 0.2156284749507904, 0.22652780264616013, 0.23381898552179337, 0.20423030108213425, 0.19556742161512375, 0.2002321183681488, 0.1807851493358612, 0.18138081580400467, 0.17216181755065918, 0.17044159770011902, 0.15913739055395126, 0.15875862538814545, 0.1803637072443962, 0.17364764958620071, 0.15025615692138672, 0.14612368121743202, 0.14768045768141747, 0.14749440923333168, 0.1434786580502987, 0.14634322002530098, 0.1477142497897148, 0.14153962209820747, 0.1499858945608139, 0.1443902812898159, 0.1470988355576992, 0.15059546008706093, 0.140004962682724, 0.14851989969611168, 0.1448976956307888, 0.1515609361231327, 0.1571875661611557, 0.1477731429040432, 0.15633167326450348, 0.1595291793346405, 0.15938539057970047, 0.16854486614465714, 0.14432237669825554]}