{"train_losses": [0.7715298309922218, 0.680001750588417, 0.45480503141880035, 0.39181431755423546, 0.34315110370516777, 0.3075061192115148, 0.2969863973557949, 0.2633182828625043, 0.23501008252302805, 0.22033237665891647, 0.2075712854663531, 0.20506185293197632, 0.20418613528211912, 0.20280088856816292, 0.20817503643532595, 0.19600710769494376, 0.1896904818713665, 0.18831154890358448, 0.17184736703832945, 0.16517214539150396], "val_losses": [0.792276918888092, 0.49421465396881104, 0.421812504529953, 0.397555410861969, 0.34529364109039307, 0.3181084096431732, 0.3986012786626816, 0.3059675246477127, 0.27398157864809036, 0.2776144966483116, 0.2568993642926216, 0.25450780987739563, 0.2699754759669304, 0.27441712468862534, 0.2622113525867462, 0.2612379416823387, 0.2416965439915657, 0.2414669618010521, 0.23313432931900024, 0.23802947252988815]}