{"train_losses": [0.6761739660393108, 0.5714613361792131, 0.4905119589106603, 0.37728673897006293, 0.27004044164310803, 0.2531957619569518, 0.23507411710240625, 0.22212621840563687, 0.21656124869530852, 0.21287497370080513, 0.2066653103313663, 0.211468465287577, 0.1972144442525777, 0.1882090080868114, 0.18840006975965065, 0.18114747445691715, 0.18085887757214633, 0.174438341436061, 0.17239162969318303, 0.17600312795151363, 0.16955676945773038, 0.17534085058353163, 0.16830858859148892, 0.16924562034281818, 0.16949102079326456, 0.16808445683934473, 0.1642850593409755, 0.16432528841224583, 0.1675141260705211, 0.16968739879402248, 0.16588135029781947, 0.16150004145773975, 0.16037014228376475, 0.15925140577283772, 0.16166268187490376, 0.1589158143509518, 0.157970302822915, 0.1562569916925647, 0.1541516977277669, 0.15459775586019864, 0.15353690257126634, 0.15454685112292116, 0.15215691619298674, 0.15883936970071358, 0.1507580510594628, 0.14836118878288704, 0.14704246751286768, 0.1502089493653991, 0.15147446299141104, 0.1481511609798128, 0.15017943863164296, 0.14467017860575157, 0.15075249038636684, 0.1493297859349034, 0.14981777187098155, 0.14316898448900742, 0.14402811889621345, 0.14276483621109615, 0.14997052350504833, 0.14282049916007303, 0.13796120949766852, 0.13617960939353163, 0.13252819109369407, 0.14105089753866196, 0.1441220807080919, 0.14209720356897873, 0.13102804039689628, 0.13211184943264181, 0.1348330429331823, 0.1370674647729505, 0.12982672537592324, 0.14044109291651033, 0.1358467343855988, 0.13364700363440948, 0.13134944438934326, 0.12741984291510147, 0.1338113539598205, 0.13422693515365774, 0.12553873725912787, 0.12985139577226204], "val_losses": [0.5584082702795664, 0.48031606276830036, 0.4178473154703776, 0.3139006495475769, 0.28025958438714343, 0.31213929255803424, 0.2808694839477539, 0.2587487151225408, 0.2800810635089874, 0.26811939974625904, 0.25611646473407745, 0.27747886379559833, 0.2551235506931941, 0.2669873883326848, 0.254137322306633, 0.26005683839321136, 0.2525937706232071, 0.2559716999530792, 0.2496334562699, 0.2502962251504262, 0.279510959982872, 0.2531210482120514, 0.25764977435270947, 0.254228671391805, 0.25600196917851764, 0.25234199563662213, 0.25205182532469433, 0.24973751604557037, 0.2703724453846614, 0.2470961113770803, 0.2798188378413518, 0.2500670750935872, 0.27858687440554303, 0.2532739043235779, 0.25825391213099164, 0.2774838407834371, 0.258311465382576, 0.2589109440644582, 0.25499626497427624, 0.2588483889897664, 0.27465517818927765, 0.24497314294179282, 0.2582875241835912, 0.2629099190235138, 0.2635688732067744, 0.24912355343500772, 0.2585422247648239, 0.24817861119906107, 0.2602626432975133, 0.25292710959911346, 0.2659667730331421, 0.256634180744489, 0.24652862548828125, 0.27032896876335144, 0.24582978089650473, 0.2566507011651993, 0.2633043626944224, 0.25614019731680554, 0.25626595318317413, 0.2772320608297984, 0.25598832468191784, 0.254203920563062, 0.25997062027454376, 0.24911193549633026, 0.2657623787720998, 0.24890867869059244, 0.2569177101055781, 0.27953798572222394, 0.24864389499028525, 0.25910214086373645, 0.25819448630015057, 0.29012345274289447, 0.2495663712422053, 0.2728476325670878, 0.2555298109849294, 0.25603171189626056, 0.2620232204596202, 0.2520056863625844, 0.24981176356474558, 0.2666687270005544]}