{"train_losses": [0.6763222380117937, 0.5422265394167467, 0.3910941718654199, 0.2264564758674665, 0.16878537901423193, 0.1434726555916396, 0.1262899965725162, 0.11746587333354083, 0.11663781123405154, 0.10930175300348889, 0.1081579943949526, 0.10714031112464992, 0.10305424373258244, 0.09691440669650381, 0.09143218533559279, 0.09058445217934522, 0.08997117253867062, 0.08260412666607987, 0.08199254000051455, 0.07955310138111765], "val_losses": [0.5527211229006449, 0.42760804295539856, 0.2917831738789876, 0.24889210363229117, 0.1662202129761378, 0.14126735428969064, 0.121147354443868, 0.11015371729930241, 0.11403101185957591, 0.1026117925842603, 0.10804812361796697, 0.10249086221059163, 0.0934211512406667, 0.09267137199640274, 0.0932759940624237, 0.08415413151184718, 0.08469736327727635, 0.08934841305017471, 0.07848812143007915, 0.0871076410015424]}