{"train_losses": [0.8445424288511276, 0.7389660626649857, 0.5735329315066338, 0.5052605842550596, 0.49468763420979184, 0.5033920779824257, 0.45470146586497623, 0.3977751222749551, 0.37441586951414746, 0.3600510520239671, 0.35691047956546146, 0.35252801328897476, 0.3611417884627978, 0.33543818444013596, 0.31572946161031723, 0.31012476856509846, 0.2889527603983879, 0.2911846575637658, 0.2842204136153062, 0.2878712055583795], "val_losses": [0.8906137347221375, 0.6563069820404053, 0.48060956597328186, 0.5124748796224594, 0.6366142332553864, 0.47490403056144714, 0.39540524780750275, 0.345956414937973, 0.3348444253206253, 0.35238446295261383, 0.3177940472960472, 0.3371099829673767, 0.30403246730566025, 0.2831159010529518, 0.288893423974514, 0.2683991864323616, 0.2621316984295845, 0.2571977898478508, 0.2542273551225662, 0.25714869797229767]}