{"train_losses": [0.8446215490500132, 0.7645339816808701, 0.5975040420889854, 0.5249801203608513, 0.5308858181039492, 0.4963321437438329, 0.46752596894900006, 0.4339447033902009, 0.3972511738538742, 0.3788854380448659, 0.3634411692619324, 0.354117464274168, 0.33369390045603115, 0.330925352871418, 0.32189472888906795, 0.30133727937936783, 0.30319171647230786, 0.3032533296694358, 0.31542205934723216, 0.29692882920304936], "val_losses": [0.8812077641487122, 0.5517076402902603, 0.48995962738990784, 0.48603563010692596, 0.4493342190980911, 0.4396529644727707, 0.4037778377532959, 0.3745623230934143, 0.3521769642829895, 0.33100511133670807, 0.3105308786034584, 0.33176229149103165, 0.34202054142951965, 0.3053446561098099, 0.27068348973989487, 0.2676451727747917, 0.2561929076910019, 0.2642165273427963, 0.2483813539147377, 0.24870027601718903]}