{"train_losses": [0.9171480768256717, 0.8749894069300758, 0.7660184999306997, 0.7380331622229682, 0.7282627357376946, 0.6988926165633731, 0.6777714937925339, 0.6839892566204071, 0.6661291122436523, 0.676979296737247, 0.6665982156991959, 0.661730600727929, 0.6486272215843201, 0.6317873166667091, 0.6118132604493035, 0.5721105767620934, 0.5343222700887256, 0.483139059609837, 0.4728814843628142, 0.4521050486299727, 0.45399392478995854, 0.4430803408225377, 0.43285958965619403, 0.4254469705952538, 0.4212219913800557, 0.41241855422655743, 0.4066727227634854, 0.3878133280409707, 0.3996209767129686, 0.38941633701324463, 0.3943387700451745, 0.3884406520260705, 0.3878563079569075, 0.3793886684709125, 0.37489552795886993, 0.38811033633020187, 0.37623296678066254, 0.3681069297922982, 0.3642512717180782, 0.3684877273109224, 0.36650074190563625, 0.36521635949611664, 0.351429025332133, 0.36788515084319645, 0.3538738588492076, 0.3622010366784202, 0.35458344717820484, 0.3688974430163701, 0.35532872047689223, 0.35108298228846657, 0.3499690228038364, 0.3578672707080841, 0.34723862012227374, 0.34496434529622394, 0.3450242992904451], "val_losses": [0.8935249050458273, 0.621181309223175, 0.6130080620447794, 0.5889286398887634, 0.6030493179957072, 0.6317749420801798, 0.5777590672175089, 0.5729693174362183, 0.5977034966150919, 0.593713104724884, 0.5790756344795227, 0.5837832689285278, 0.5843571027119955, 0.5274803737799326, 0.5006770491600037, 0.43997249007225037, 0.42655304074287415, 0.39335259795188904, 0.330960472424825, 0.3691564699014028, 0.33047638336817425, 0.3442207674185435, 0.34947343667348224, 0.30909278988838196, 0.319314569234848, 0.3385622998078664, 0.32014896472295123, 0.33486680189768475, 0.3245047728220622, 0.35059383511543274, 0.31506863236427307, 0.3147530257701874, 0.34062570333480835, 0.3016503651936849, 0.3088273803393046, 0.31534077723821, 0.3194422821203868, 0.3149435619513194, 0.3262639045715332, 0.29904045661290485, 0.32099831104278564, 0.29384690523147583, 0.31620659430821735, 0.30645741025606793, 0.3140991230805715, 0.3039608995119731, 0.30903907616933185, 0.31159713864326477, 0.2951190272967021, 0.29834531744321185, 0.2985248863697052, 0.30827783544858295, 0.29680708050727844, 0.2922679881254832, 0.30321937799453735]}