{"train_losses": [0.7413760175307592, 0.5692877744634947, 0.5083825712402662, 0.44096989929676056, 0.3777300591270129, 0.35921252767244977, 0.323173417399327, 0.3063173530002435, 0.2737627600630124, 0.25513509288430214, 0.2432944600780805, 0.2627958705027898, 0.23450687527656555, 0.22760473812619844, 0.2160619559387366, 0.20516560350855192, 0.20259301736950874, 0.19905195633570352, 0.19366814941167831, 0.17867635128398737], "val_losses": [0.6561784148216248, 0.4940444380044937, 0.5042469948530197, 0.44466616213321686, 0.44596512615680695, 0.40823787450790405, 0.37334786355495453, 0.36190371215343475, 0.2773693799972534, 0.29910221695899963, 0.2907676696777344, 0.30091023445129395, 0.28898797929286957, 0.2913452982902527, 0.2685563191771507, 0.26747459918260574, 0.2609448507428169, 0.2683911994099617, 0.2484208419919014, 0.26056376099586487]}