{"train_losses": [0.5766158878803254, 0.4946974062919617, 0.44494214057922366, 0.38733542561531065, 0.36505081415176394, 0.3892569756507874, 0.3827577233314514, 0.33415877997875215, 0.34834313690662383, 0.3412016659975052, 0.30573620557785036, 0.3115253692865372, 0.28624367356300356, 0.26354822754859925, 0.2627760374546051, 0.2359944462776184, 0.2172713804244995, 0.20144201964139938, 0.18787640064954758, 0.20204000771045685, 0.17050995409488678, 0.1530228316783905, 0.1478353136777878, 0.13806754112243652, 0.12631351351737977, 0.13066599130630493, 0.1249515837430954, 0.12488731831312179, 0.12223679900169372, 0.12340367436408997, 0.1150365187227726, 0.11495615065097808, 0.10945487380027771, 0.11249789565801621, 0.11619473487138748, 0.10592828035354614, 0.10940242797136307, 0.10818742662668228, 0.10266872331500053, 0.10376273214817047, 0.10112313061952591, 0.10064851611852646, 0.10191786408424378, 0.10386273831129074, 0.09909055545926095, 0.09840748801827431, 0.09436702162027359, 0.09638439029455186, 0.09791413098573684, 0.09681197270750999, 0.09439259886741638, 0.09577275335788726, 0.09428886249661446, 0.09084331929683685, 0.09249527603387833, 0.09135933518409729, 0.08851807236671448, 0.08975201427936554, 0.09150983095169067, 0.08913469567894935, 0.0916840198636055, 0.09012800827622414, 0.09560846477746963, 0.09067077115178108, 0.09280086785554886, 0.08979898601770402, 0.09018853187561035, 0.08859694346785546, 0.09098154082894325, 0.10381901830434799, 0.08684229046106338, 0.0872444985806942, 0.08575186282396316, 0.10350970029830933, 0.09036840379238129, 0.0910063610970974, 0.08841085612773895, 0.0857807618379593, 0.08605494424700737, 0.08604173585772515, 0.08409703150391579, 0.08411467388272285, 0.08263785868883133, 0.08315249517560006, 0.08468183010816574, 0.08265112340450287, 0.08752913177013397, 0.08701654210686684, 0.08542776241898536, 0.08685598358511924, 0.08433394148945808, 0.08386027783155442, 0.08450895681977272, 0.08404269888997078, 0.0865549947321415, 0.08579798489809036, 0.0866964314877987, 0.08260491162538529, 0.08203869998455048, 0.08366155341267585], "val_losses": [0.5233146026730537, 0.6010811477899551, 0.3894974812865257, 0.5262255817651749, 0.3193364366889, 0.3784027472138405, 0.34276460111141205, 0.2597063146531582, 0.3204609751701355, 0.26717111840844154, 0.3980413042008877, 0.24197430163621902, 0.31886541843414307, 0.24837743118405342, 0.235990472137928, 0.1682628095149994, 0.20380660519003868, 0.17160861194133759, 0.19689013063907623, 0.13044053129851818, 0.1329688522964716, 0.1259339265525341, 0.1414003111422062, 0.11837643198668957, 0.11395327001810074, 0.11556267365813255, 0.11950709018856287, 0.11202600970864296, 0.11082242988049984, 0.10851400531828403, 0.10104996338486671, 0.10967904515564442, 0.11647672206163406, 0.10024851746857166, 0.10292806476354599, 0.11733312532305717, 0.09932029340416193, 0.09893926326185465, 0.09105246607214212, 0.0953480675816536, 0.10300995130091906, 0.09053684398531914, 0.09241908602416515, 0.09304079785943031, 0.09370713494718075, 0.08814399968832731, 0.09120961837470531, 0.0852121077477932, 0.0960327829234302, 0.0968199884518981, 0.09674217272549868, 0.09931065887212753, 0.0978289945051074, 0.09011429827660322, 0.10268195159733295, 0.09902297612279654, 0.08936711680144072, 0.0900230691768229, 0.09169118106365204, 0.08519600331783295, 0.08918144460767508, 0.08604681957513094, 0.09112711623311043, 0.10249086748808622, 0.08810885716229677, 0.0934608313255012, 0.08634489821270108, 0.08628343418240547, 0.08392877783626318, 0.08981010364368558, 0.08561246749013662, 0.09015182964503765, 0.09162943623960018, 0.08765239454805851, 0.0877116871997714, 0.08530506468378007, 0.09441545791924, 0.08481643488630652, 0.08532520104199648, 0.08386330399662256, 0.08799335826188326, 0.09569251537322998, 0.08493633847683668, 0.08800270780920982, 0.08977713529020548, 0.08847217354923487, 0.08086444949731231, 0.09167633298784494, 0.080908443313092, 0.08693796675652266, 0.09499094309285283, 0.08165011927485466, 0.07991977082565427, 0.07979628769680858, 0.0790277635678649, 0.08898952417075634, 0.08543804008513689, 0.0853498880751431, 0.08684059185907245, 0.08263288112357259]}