{"train_losses": [0.757569432258606, 0.7552818263118918, 0.7520637485114011, 0.745472860607234, 0.7385074428536675, 0.7273685085502538, 0.7026614519682798, 0.6763359850103204, 0.6731425808234648, 0.658502535386519, 0.6557812948118557, 0.6433192681182515, 0.6340720450336282, 0.6280218701470982, 0.6258488622578707, 0.6192196648229252, 0.6112867336381566, 0.606369521130215, 0.6012243127281015, 0.6067785173654556, 0.5775667869231917, 0.573793965307149, 0.5621891279112209, 0.5635448938066309, 0.5467264489694075, 0.5449735021049326, 0.5543936694210226, 0.5658141279762442, 0.5655752637169578, 0.5431814071806994, 0.5514411303130063, 0.5534469458189878, 0.5509293472225015, 0.5483251430771567, 0.554726554588838, 0.5369296588680961, 0.5362637788057327, 0.5379455319859765, 0.5249441089955244, 0.5211318555203351, 0.5211365046826276, 0.5249094841155139, 0.4727087914943695, 0.497523809698495, 0.4919509521939538, 0.478771601210941, 0.46956217085773294, 0.494996731931513, 0.45468013801357965, 0.45263732969760895, 0.48428344387899747, 0.5233088007027452, 0.4801201583309607, 0.42370119419964875, 0.4707210091027347, 0.414659819142385, 0.43280048397454346, 0.41330350122668524, 0.40854079208590766, 0.4233367090875452, 0.3982885764403777, 0.39732428098266775, 0.3718876310370185, 0.38318673182617535, 0.42146271534941415, 0.4146867733110081, 0.38481574099172244, 0.36706367947838525, 0.4124388105489991, 0.37751127779483795, 0.373987001451579, 0.40056396749886597, 0.37959702109748666, 0.3700759180567481, 0.36781082437797025, 0.37991210276430304, 0.3727192120118575, 0.34855263747952203, 0.3837297863580964, 0.35381386361338873], "val_losses": [0.6903781096140543, 0.6889824469884237, 0.6851185361544291, 0.6837102572123209, 0.6732740998268127, 0.6542778412501017, 0.6466058790683746, 0.6242710649967194, 0.6349511245886484, 0.5871609449386597, 0.5904291272163391, 0.6295143663883209, 0.5915143092473348, 0.5774634480476379, 0.576034019390742, 0.5699565509955088, 0.583098828792572, 0.5600259204705557, 0.5445293883482615, 0.5473867555459341, 0.5746491352717081, 0.5446057816346487, 0.5456974506378174, 0.5713830292224884, 0.5439684887727102, 0.5385805070400238, 0.5464528103669485, 0.5536764164765676, 0.5361266136169434, 0.5277060667673746, 0.5540324151515961, 0.5773456394672394, 0.5342122515042623, 0.5811688303947449, 0.5279186566670736, 0.5320097903410593, 0.5199099183082581, 0.49381013711293537, 0.6261290808518728, 0.548076351483663, 0.5198681255181631, 0.5124702552954356, 0.42904435594876605, 0.5869360466798147, 0.4898654818534851, 0.407265971104304, 0.4257834752400716, 0.41501762469609577, 0.37660425901412964, 0.6258335510889689, 0.44832707444826764, 0.49467865626017254, 0.46006537477175397, 0.5210258662700653, 0.440052330493927, 0.39581066370010376, 0.40629003445307416, 0.5685150822003683, 0.5203504761060079, 0.3817905783653259, 0.463610698779424, 0.3499016761779785, 0.3945204019546509, 0.43501367171605426, 0.37944282094637555, 0.4438251256942749, 0.32554401954015094, 0.4118750790754954, 0.3218590021133423, 0.4642853041489919, 0.4212237298488617, 0.3755545715490977, 0.35669561227162677, 0.3116563061873118, 0.4632344643274943, 0.4211456974347432, 0.385032852490743, 0.39559988180796307, 0.3254727820555369, 0.39157363772392273]}