{"train_losses": [0.8536569426457087, 0.7162309860189756, 0.5202727069457372, 0.46070099622011185, 0.41821663205822307, 0.33394549290339154, 0.3066023464004199, 0.28563571845491725, 0.26853379731376964, 0.2737653950850169, 0.25190670788288116, 0.2199856030444304, 0.20537673557798067, 0.1767486830552419, 0.1718340702354908, 0.17287624130646387, 0.16424281522631645, 0.15934911370277405, 0.155931963895758, 0.16192734986543655, 0.1560031045228243, 0.16248472469548383, 0.16652677580714226, 0.15638793694476286, 0.15047772352894148, 0.1463679267714421, 0.14139184107383093, 0.14444803508619466, 0.14358716954787573, 0.15592411843438944, 0.15056603588163853, 0.14934480811158815, 0.1552222849180301, 0.15127172817786536, 0.14656268246471882, 0.15038322346905866, 0.15009378641843796, 0.15502281486988068, 0.14711596133808294, 0.1452332859237989, 0.14074562676250935, 0.1394289502253135, 0.14495252755781016, 0.14021818277736506, 0.14196230098605156, 0.13714243099093437, 0.136912285660704, 0.1377979318300883, 0.1420304918040832, 0.1425986041625341], "val_losses": [0.8883076608181, 0.49512316286563873, 0.46475113928318024, 0.4148193448781967, 0.38416850566864014, 0.30450357496738434, 0.27442143112421036, 0.22214575111865997, 0.239703468978405, 0.22989832609891891, 0.19356565177440643, 0.16538403928279877, 0.15735390782356262, 0.1779283583164215, 0.1507226526737213, 0.13792870193719864, 0.15070638060569763, 0.14756818860769272, 0.15103765577077866, 0.1445470005273819, 0.1481461599469185, 0.16904329508543015, 0.14371652156114578, 0.13420505076646805, 0.1434832364320755, 0.12971919029951096, 0.1555890589952469, 0.1471867710351944, 0.1525750458240509, 0.1486985981464386, 0.1391628235578537, 0.15843228995800018, 0.14421135187149048, 0.14045000076293945, 0.1457221657037735, 0.18415774405002594, 0.16375365108251572, 0.16501757502555847, 0.1443549543619156, 0.15835878252983093, 0.1509396657347679, 0.1617135852575302, 0.13827883452177048, 0.15839841961860657, 0.16171886026859283, 0.13866029679775238, 0.13687827438116074, 0.14857128262519836, 0.14530901610851288, 0.13351887464523315]}