{"train_losses": [0.9131958550877042, 0.7950469255447388, 0.7888106173939176, 0.7317575249407027, 0.7334558897548251, 0.7216126190291511, 0.7165655427508884, 0.722588578859965, 0.7257203823990293, 0.7193879551357694, 0.7189430859353807, 0.7105820924043655, 0.7141178581449721, 0.7141451173358493, 0.7024086349540286, 0.7063945862982008, 0.7031244006421831, 0.7059329549471537, 0.7037029465039571, 0.6989803049299452, 0.7319767574469248, 0.7306535409556495, 0.7029628256956736, 0.6870805886056688, 0.6455865634812249, 0.6129748258325789, 0.60790772901641, 0.5658738414446512, 0.550568582283126, 0.5330027159717348, 0.5253110759788089, 0.4993775453832414, 0.49627922309769523, 0.48590264552169377, 0.48134905927711064, 0.48489010996288723, 0.48335152202182347, 0.5008036063777076, 0.4712775581412845, 0.47703175908989376, 0.47123472061422134, 0.4752742035521401, 0.47610976464218563, 0.46398302912712097, 0.4589155117670695, 0.46745629608631134, 0.4682240949736701, 0.47236448691950905, 0.4587733248869578, 0.45102397269672817, 0.45334384010897744, 0.44219815731048584, 0.439926168984837, 0.44526270363065934, 0.4377042767074373, 0.442235603928566, 0.427416667342186, 0.42583182288540733, 0.42486316462357837, 0.4172322865989473, 0.4208485997385449, 0.4106752988364961, 0.415386191672749, 0.4111470580101013, 0.41144909461339313, 0.4074339204364353, 0.4056217521429062, 0.4094335105684068, 0.4041619979672962, 0.4109981639517678, 0.41002360151873696, 0.407647967338562, 0.4032101548380322, 0.40059254897965324, 0.4026379916403029], "val_losses": [0.8182270526885986, 0.7916937867800394, 0.6110071142514547, 0.5833655099074045, 0.5750193893909454, 0.5789971053600311, 0.5927345355351766, 0.5962907175223032, 0.6213076313336691, 0.6011452277501425, 0.602987011273702, 0.5898889303207397, 0.5873688062032064, 0.5884654919306437, 0.5951303839683533, 0.5788059135278066, 0.6039645671844482, 0.5884368220965067, 0.592653751373291, 0.5900811950365702, 0.7019433379173279, 0.6007088621457418, 0.6362047592798868, 0.5489908854166666, 0.5067828595638275, 0.4561210672060649, 0.4075467387835185, 0.404074360926946, 0.4088361660639445, 0.4056653281052907, 0.3776845335960388, 0.38442431886990863, 0.3781406581401825, 0.3546109398206075, 0.3644791742165883, 0.3688756624857585, 0.37621863683064777, 0.3732379674911499, 0.35406384865442914, 0.3691445092360179, 0.3524051904678345, 0.35502277811368305, 0.3510190546512604, 0.34556957085927326, 0.3689612150192261, 0.346034973859787, 0.3626171052455902, 0.3567487100760142, 0.34839941064516705, 0.36604541540145874, 0.3459487756093343, 0.3312741816043854, 0.3451828459898631, 0.3594920039176941, 0.3684738477071126, 0.3302001655101776, 0.3162221709887187, 0.327947864929835, 0.3248913685480754, 0.31511372327804565, 0.3122806251049042, 0.320573757092158, 0.3209393123785655, 0.3082432846228282, 0.3036114573478699, 0.2974666903416316, 0.3147407869497935, 0.3112727105617523, 0.34591540694236755, 0.3112129767735799, 0.3140176435311635, 0.30868194500605267, 0.31978561480840045, 0.33415759603182477, 0.30737829208374023]}