{"train_losses": [0.9768127335442437, 0.9611744417084588, 0.8662718898720212, 0.7928286492824554, 0.7698155674669478, 0.7581808136569129, 0.7410866419474283, 0.7274652587042915, 0.7295571698082818, 0.7066455715232425, 0.6876885427369012, 0.6468993226687113, 0.6220230476723777, 0.5728074842029147, 0.5483223365412818, 0.5054205175903108, 0.4749390400118298, 0.4696675174766117, 0.44725749890009564, 0.4393053270048565, 0.4551622238424089, 0.4319125993384255, 0.4228803846571181, 0.4280887444814046, 0.4205191367202335, 0.4305553171369765, 0.4152799579832289, 0.4053351531426112, 0.4087360352277756, 0.4011864248249266, 0.41170652045143974, 0.3889474504523807, 0.3961220416757796, 0.4031771305534575, 0.384218724237548, 0.38498948845598435, 0.39062067369620007, 0.3775670809878243, 0.3834274692667855, 0.37578026784790886, 0.3743765834305022, 0.37074418365955353, 0.3670496907499101, 0.3681042657958137, 0.35887332840098274, 0.36219357119666207, 0.36056163244777256, 0.36209223171075183, 0.37842432492309147, 0.3715159793694814, 0.357410020298428, 0.3497077019678222, 0.3484082652462853, 0.3344367841879527, 0.34464921719498104, 0.3482136395242479, 0.33598199983437854, 0.3432780901590983, 0.34191251628928715, 0.3411768525838852, 0.3457987606525421, 0.3529864284727309, 0.34002211027675205, 0.3251243548260795, 0.3208145598570506, 0.3247450573576821, 0.3278450129760636, 0.32253408266438377, 0.3221857315964169, 0.3250787340932422, 0.3269082291258706, 0.33294400655561024, 0.31490083866649204, 0.31480788439512253, 0.3222311917278502], "val_losses": [0.9618625243504842, 0.8627814451853434, 0.6755865613619486, 0.6291048129399618, 0.6203456322352091, 0.6299590667088827, 0.6128403842449188, 0.6838274399439493, 0.6366211771965027, 0.5635645687580109, 0.565156102180481, 0.49091361959775287, 0.4979451199372609, 0.4432338873545329, 0.38699867328008014, 0.37492167949676514, 0.39032191038131714, 0.3717823127905528, 0.33803847432136536, 0.35638200243314105, 0.3739448885122935, 0.3330061733722687, 0.3564387857913971, 0.33111414313316345, 0.3482268154621124, 0.372067262729009, 0.3022766262292862, 0.3134380678335826, 0.30514387289683026, 0.33538423975308734, 0.3161083658536275, 0.33929556608200073, 0.29647670686244965, 0.3067733347415924, 0.29924826820691425, 0.318119357029597, 0.32353538274765015, 0.3229890962441762, 0.2988427480061849, 0.3162209093570709, 0.3081323504447937, 0.32046303153038025, 0.35326040784517926, 0.3024858633677165, 0.30745097001393634, 0.3108467062314351, 0.3251628577709198, 0.32395827770233154, 0.3394259015719096, 0.3139946758747101, 0.3040749927361806, 0.2951517204443614, 0.28673849006493884, 0.28302725156148273, 0.28758298854033154, 0.2796991517146428, 0.29179467260837555, 0.31134022275606793, 0.2988150517145793, 0.289641131957372, 0.29013003905614215, 0.3420409858226776, 0.2862326304117839, 0.2911246220270793, 0.2884386479854584, 0.2779511958360672, 0.2845482180515925, 0.28074606756369275, 0.275367130835851, 0.2820013612508774, 0.3060876131057739, 0.2782054791847865, 0.27746360500653583, 0.27499576409657794, 0.2915627708037694]}