{"train_losses": [0.39083846319805493, 0.31270776418122376, 0.2838284203952009, 0.2841915318911726, 0.2686039453203028, 0.25293886932459747, 0.2539452056993138, 0.24902045997706326, 0.2558227702975273, 0.2463791404258121, 0.22799226099794562, 0.22495397993109442, 0.23856803639368576, 0.22233907810666345, 0.21678394282406027, 0.19193713163787668, 0.18011349439620972, 0.21181564371694217, 0.20837562869895587, 0.18944296274672856, 0.1927611001513221, 0.1789374893361872, 0.17517078600146554, 0.18926803022623062, 0.179990350861441, 0.17462483454834332, 0.16354924304918808, 0.15065184235572815, 0.14755293354392052, 0.14855709875171835, 0.13917022943496704, 0.13663080876523798, 0.13380743258378722, 0.12962130558761684, 0.12800408798185262, 0.12851819599216635, 0.1307507326657122, 0.11955854940143498, 0.11541016772389412, 0.1145511083304882, 0.11206893826072867, 0.11235664107582786, 0.11700800670818849, 0.10854133658788422, 0.1053056266497482, 0.1050652651624246, 0.10323641618544405, 0.10284497453407808, 0.10422031276605347, 0.10411050373857672, 0.10409349914301526, 0.10060882805423303, 0.09765672345053066, 0.09557663547721776, 0.09680336408994415, 0.09446469863707369, 0.09284300136972558, 0.09312956356866793, 0.0912888552993536, 0.09408246251669797, 0.09217638522386551, 0.09271466765891422, 0.09199902466074987, 0.09067309901795605, 0.09064619920470497, 0.09257607161998749, 0.0889857377518307, 0.092520994218913, 0.09102927317673509, 0.08886636285619302, 0.08773576146499677, 0.0870403406972235, 0.08794904872775078, 0.08962100913578813, 0.09041038291020827, 0.08718000691045415, 0.08805523203177885, 0.08818229406394741, 0.08722305196252736, 0.08715911040251906], "val_losses": [0.3366531431674957, 0.29783432682355243, 0.32081229488054913, 0.2708118458588918, 0.28036174178123474, 0.23146026829878488, 0.260816365480423, 0.2293026695648829, 0.25344296793142956, 0.22788752615451813, 0.20415878792603812, 0.24487013121445975, 0.23360967636108398, 0.1952886531750361, 0.22240187724431357, 0.20482554535071054, 0.26578789949417114, 0.21733902394771576, 0.21366952856381735, 0.24275217950344086, 0.2163661668697993, 0.19888780017693838, 0.19866224626700082, 0.20561962326367697, 0.19602104028066, 0.19404334823290506, 0.17297149697939554, 0.14806116372346878, 0.15212609867254892, 0.15550575405359268, 0.14779428392648697, 0.1393572116891543, 0.13839073727528253, 0.14099288235108057, 0.13294329742590585, 0.14254576961199442, 0.12955418974161148, 0.11966910709937413, 0.14332235356171927, 0.12137299527724583, 0.12228549768527348, 0.12472047656774521, 0.11458953221638997, 0.11754333724578221, 0.1135789727171262, 0.10995447635650635, 0.11080693205197652, 0.10891224443912506, 0.1105328972140948, 0.11456755052010219, 0.10703355570634206, 0.10330280909935634, 0.10133698085943858, 0.10336010406414668, 0.09754995256662369, 0.09468672672907512, 0.09674465159575145, 0.09377216051022212, 0.09784232328335445, 0.0951735054453214, 0.09759222467740376, 0.09168188273906708, 0.09782219181458156, 0.09334823240836461, 0.09719416747490565, 0.09392914672692616, 0.08994510273138683, 0.09385002156098683, 0.09300755461057027, 0.09173127636313438, 0.08984057356913884, 0.09006428966919582, 0.09198607256015141, 0.10247103869915009, 0.0917190449933211, 0.08958581586678822, 0.09242488443851471, 0.09396813809871674, 0.09680903206268947, 0.09352366377909978]}