{"train_losses": [0.09720428929560715, 0.04521887687345346, 0.04268466101752387, 0.03825866896659136, 0.036323081184592515, 0.03337708591587014, 0.031170719717111852, 0.03242813671628634, 0.03178946373777257, 0.03257163676122824, 0.032134070371588074, 0.030118045811023977, 0.02983339720716079, 0.02951801350961129, 0.029583576342297926, 0.030088952018154994, 0.030321970788968935, 0.028004653958810702, 0.028223806888692908, 0.0273877273624142, 0.02705027639038033, 0.026932426314387057, 0.025835911225941446, 0.025349365650779672, 0.02413793218632539, 0.023895685354040727, 0.023281066368023556, 0.022552115842700005, 0.021643139318459563, 0.022452657317949667, 0.021632338149680033, 0.01968784671690729, 0.019346306359188423, 0.019541142974048853, 0.01810322758845157, 0.017383693510459527, 0.01655219417686264, 0.016544952160782285, 0.01602436840120289, 0.01578141117675437, 0.015201763353414006, 0.014899638377957873, 0.014983064650247494, 0.014971341472119093, 0.015441581555124786, 0.014884942780352302, 0.014695872707913319, 0.014658433436933491, 0.013880892760223813, 0.014242408383223746, 0.014144384146978458, 0.014527092739525769, 0.014360323237876097, 0.014365783064729638, 0.013834747537556622, 0.013594153078479899, 0.014090266078710556, 0.013776718121435907, 0.013491749608268341, 0.013866661426921686, 0.013752705107132593, 0.013124740216881037, 0.012675679650985532, 0.013410128290868469, 0.0141367024431626], "val_losses": [0.04473655049999555, 0.03718044733007749, 0.04070559640725454, 0.025256949787338574, 0.027615830302238464, 0.025116724893450737, 0.02330312815805276, 0.024795062839984894, 0.024091447393099468, 0.02621832552055518, 0.027300212532281876, 0.022894257679581642, 0.02291869993011157, 0.023667766402165096, 0.023361798375844955, 0.02223144906262557, 0.024570147196451824, 0.024624142795801163, 0.022260702525575955, 0.022474438572923344, 0.023854967827598255, 0.02249272291858991, 0.021911290163795154, 0.020228791361053784, 0.019537244612971943, 0.02201853630443414, 0.020372552797198296, 0.017837839511533577, 0.018080503058930237, 0.018940484151244164, 0.016312543613215286, 0.015239337459206581, 0.014714577545722326, 0.014635737054049969, 0.013851819870372614, 0.012859690003097057, 0.012717368391652903, 0.01223612359414498, 0.011214597771565119, 0.01102050393819809, 0.011446587120493254, 0.01192612232019504, 0.011491387772063414, 0.011678742865721384, 0.011614526311556498, 0.011578433526058992, 0.011300227604806423, 0.011279726090530554, 0.011546392925083637, 0.010642222439249357, 0.011571051552891731, 0.011743828964730104, 0.011626983682314554, 0.012685395156343779, 0.01246355970700582, 0.011712857211629549, 0.01149411095927159, 0.010781109643479189, 0.010968745375672976, 0.012931807277103266, 0.01130093727260828, 0.010734152359267076, 0.011519338004291058, 0.011357824628551802, 0.013054263157149157]}