{"train_losses": [0.8414424558480581, 0.812978650132815, 0.7427369207143784, 0.5294603481888771, 0.443002517024676, 0.42578665415445965, 0.4253853037953377, 0.4214070936044057, 0.41750770434737206, 0.4135167549053828, 0.41222200045983, 0.4031357690691948, 0.39904936651388806, 0.3991235742966334, 0.3949397827188174, 0.3908777100344499, 0.394276296099027, 0.3870804086327553, 0.37640047694245976, 0.36477555334568024], "val_losses": [0.8847366869449615, 0.8354810774326324, 0.681279867887497, 0.423396959900856, 0.4179505556821823, 0.3983258754014969, 0.4027790129184723, 0.41002483665943146, 0.41812242567539215, 0.4072270840406418, 0.4047727733850479, 0.39330120384693146, 0.386455774307251, 0.38745878636837006, 0.3833569884300232, 0.3641640841960907, 0.3655422627925873, 0.36658497154712677, 0.3527390733361244, 0.3403288200497627]}