{"train_losses": [1.97050222158432, 1.8601362824440002, 1.7280061769485473, 1.5479521036148072, 1.3205321907997132, 1.0743237781524657, 0.8288961613178253, 0.6912618792057037, 0.581123812198639, 0.5200783598423004, 0.47553001046180726, 0.3949452781677246, 0.3960101854801178, 0.3860133969783783, 0.34042935729026796, 0.35632766902446744, 0.3481795710325241, 0.33604394137859345, 0.34669688403606413, 0.32630339443683626, 0.33290600776672363, 0.3322040742635727, 0.3125881153345108, 0.33125332653522493, 0.3322359603643417, 0.31461488604545595, 0.3165966552495956, 0.3158678209781647, 0.3128168088197708, 0.31830459475517275, 0.31420685946941374, 0.3136019325256348, 0.3016787230968475, 0.3163391971588135, 0.31340323328971864, 0.3095419955253601, 0.3249531942605972, 0.3089880895614624, 0.3085869801044464, 0.3141892945766449, 0.320331968665123, 0.3036878252029419, 0.29590185821056364, 0.29495382130146025, 0.2997183692455292, 0.3004690033197403, 0.2871110200881958, 0.299445595741272, 0.3090304237604141, 0.30376707553863525, 0.29529962182044983, 0.292356036901474, 0.2880356514453888, 0.2965635895729065, 0.3088298690319061, 0.29567624390125274, 0.297917332649231, 0.2788288915157318, 0.29611552000045777, 0.2889512413740158, 0.3082192414999008, 0.29226869583129883, 0.28242878675460814, 0.2837163084745407, 0.28468401432037355, 0.29099124908447266, 0.28598290622234346, 0.2857103341817856, 0.2815516060590744, 0.2913075768947601, 0.2907186448574066, 0.28182821333408353, 0.27319750905036927, 0.27536212682724, 0.27677455186843875, 0.27838779747486114, 0.28790219068527223, 0.2773379063606262, 0.2686417084932327, 0.26662610709667206, 0.26292155623435975, 0.2645858889818192, 0.26471230447292327, 0.26326236844062806, 0.2808181965351105, 0.2804488068819046, 0.26926281571388244, 0.25355017840862276, 0.2576157063245773, 0.26348245561122896, 0.28425722539424897, 0.2582473945617676, 0.27223450303077695, 0.26298594415187837, 0.26002010524272917, 0.2531420314311981, 0.25668249487876893, 0.26856345415115357, 0.25346231043338774, 0.25558511197566985], "val_losses": [1.6781518161296844, 1.6211479008197784, 1.6380063891410828, 1.8705757856369019, 1.4582167863845825, 1.3210321366786957, 1.2022505551576614, 0.916639506816864, 0.8313015401363373, 0.6978209465742111, 0.39870063960552216, 0.32601969316601753, 0.3825085461139679, 0.3450671583414078, 0.3750581294298172, 0.3360462933778763, 0.3329252563416958, 0.3126976899802685, 0.2995719946920872, 0.28854260593652725, 0.3054990582168102, 0.3013305254280567, 0.297209981828928, 0.35139063745737076, 0.28754785656929016, 0.2903156876564026, 0.3424448147416115, 0.31937846913933754, 0.3128899857401848, 0.2991986572742462, 0.30549555644392967, 0.3030500188469887, 0.29190168529748917, 0.29935410991311073, 0.3122102916240692, 0.3022052049636841, 0.3164707124233246, 0.3406200036406517, 0.2894187234342098, 0.30792053788900375, 0.29347551614046097, 0.2983950823545456, 0.29520705714821815, 0.29265571758151054, 0.28986958786845207, 0.29597222059965134, 0.2988818697631359, 0.3080349676311016, 0.2810542695224285, 0.2853553295135498, 0.31663285195827484, 0.29251325130462646, 0.29484887793660164, 0.29696620628237724, 0.29381828755140305, 0.31717880070209503, 0.27601009607315063, 0.29454874619841576, 0.27504193410277367, 0.308179572224617, 0.2967934273183346, 0.2876126728951931, 0.2880496717989445, 0.2881253659725189, 0.2754420004785061, 0.2696005702018738, 0.2992241904139519, 0.26942574977874756, 0.2798008918762207, 0.32753460854291916, 0.2636098451912403, 0.2671731784939766, 0.27257004007697105, 0.2562860921025276, 0.27600225806236267, 0.2829838991165161, 0.28432247415184975, 0.2707427553832531, 0.26346852257847786, 0.25764431059360504, 0.26171989366412163, 0.24763567745685577, 0.2570813074707985, 0.2522437870502472, 0.2485945951193571, 0.27457618340849876, 0.2724796496331692, 0.2511642314493656, 0.24644706957042217, 0.256689440459013, 0.2543729543685913, 0.25711995363235474, 0.26532260328531265, 0.23950863070786, 0.24193618446588516, 0.24235649779438972, 0.26226167753338814, 0.2521827183663845, 0.23593133129179478, 0.2315899319946766]}