{"train_losses": [0.07921987265348435, 0.042519458308815955, 0.04033911421895027, 0.03190977267920971, 0.02892491839826107, 0.02683272197842598, 0.026207013055682182, 0.02367963522672653, 0.021902311779558658, 0.018871274255216123, 0.016198540329933165, 0.01642079185694456, 0.014863929226994515, 0.01336754258722067, 0.010960847176611423, 0.009203227199614049, 0.008989180270582438, 0.008354931753128767, 0.008155032992362976, 0.007949876990169287, 0.008131309319287539, 0.008353670965880156, 0.006959205344319343, 0.006970110274851322, 0.006697196494787932, 0.006890549166128039, 0.006607756055891514, 0.0062797805480659, 0.006483541987836361, 0.006296333493664861, 0.006008545961230993, 0.006204482149332762, 0.0062160334270447495, 0.006283924896270037, 0.00640791691839695, 0.006418784847483039, 0.00592280593700707, 0.006588406935334206, 0.006372626889497041, 0.006188374012708664, 0.005974344657734037, 0.006461958270519972, 0.006105496976524591, 0.006010716315358877, 0.006312514478340745, 0.006789092421531678, 0.00664842919446528, 0.006274173222482205, 0.005664688553661108, 0.006047086548060179, 0.006081268154084682, 0.005753181418403983, 0.005654017245396972, 0.005833230540156364, 0.006246489193290472, 0.005392120499163866, 0.005451973574236035, 0.005716576622799039, 0.005553417867049575, 0.005931151080876589, 0.005667264647781849, 0.005624790349975229, 0.00543997336179018, 0.005602036621421575, 0.005034017181023955, 0.005542024513706565, 0.006186381475999952, 0.005118278414011001, 0.00503791568800807, 0.005077680367976427, 0.005274843294173479, 0.005263451654464006, 0.005210727239027619, 0.005056926365941763, 0.0046366775687783955, 0.005609236620366573, 0.005195082444697618, 0.005292620984837413, 0.004999049119651318, 0.004593446115031838], "val_losses": [0.04053140105679631, 0.041855049785226583, 0.03651818307116628, 0.031215736642479897, 0.034089960623532534, 0.031085285358130932, 0.028976705856621265, 0.032986453734338284, 0.03377034282311797, 0.024526905734091997, 0.028001172002404928, 0.022457310929894447, 0.019777078414335847, 0.014030111255124211, 0.01068100065458566, 0.009718071552924812, 0.009054201189428568, 0.008529510931111872, 0.008616181672550738, 0.0077604163670912385, 0.01275071781128645, 0.006302043795585632, 0.006828500423580408, 0.006557616230566055, 0.008435267838649452, 0.006842055008746684, 0.006587003241293132, 0.0066865989356301725, 0.006578293978236616, 0.005800539627671242, 0.0065398006699979305, 0.006451421417295933, 0.006289506796747446, 0.005831176356878132, 0.007263106992468238, 0.005929843871854246, 0.006578261265531182, 0.006224410957656801, 0.0065819998271763325, 0.007128569879569113, 0.007704685558564961, 0.005706444149836898, 0.005657545814756304, 0.00607461528852582, 0.005991528858430684, 0.006150807894300669, 0.0059902932262048125, 0.005829479196108878, 0.006900543230585754, 0.006934948964044452, 0.006662264699116349, 0.005525036307517439, 0.005876972689293325, 0.006014528626110405, 0.006094528012908995, 0.006044900452252477, 0.006165772443637252, 0.005905625119339675, 0.005715526232961565, 0.007200818392448127, 0.005508534959517419, 0.0052498720469884574, 0.005671331891790032, 0.0051469707395881414, 0.0053708518971689045, 0.006117841927334666, 0.005181651213206351, 0.005671847960911691, 0.00536239321809262, 0.00900420150719583, 0.005097546789329499, 0.005418199871201068, 0.004596059850882739, 0.0049932231195271015, 0.005602760938927531, 0.005314207752235234, 0.00495993928052485, 0.004995470575522631, 0.004961817758157849, 0.004804951313417405]}