{"train_losses": [0.7584284444650015, 0.5465550323327383, 0.470004270474116, 0.4323835223913193, 0.3800367886821429, 0.35092812900741893, 0.2912529843548934, 0.3158251866698265, 0.2819617899755637, 0.2884042498966058, 0.23329835509260496, 0.21825463448961577, 0.21781530727942786, 0.20272792627414069, 0.2023030457397302, 0.20328231900930405, 0.20116023098429045, 0.19700703086952367, 0.19045414899786314, 0.20243187186618647], "val_losses": [0.655206948518753, 0.5002602785825729, 0.501473680138588, 0.4676573574542999, 0.4591456204652786, 0.3918445408344269, 0.3166404515504837, 0.3545290678739548, 0.3155491352081299, 0.2986050695180893, 0.2746492028236389, 0.26429106295108795, 0.2734587639570236, 0.2534603998064995, 0.26618463546037674, 0.26756349951028824, 0.2536437585949898, 0.25455354899168015, 0.26704440265893936, 0.2939522713422775]}