{"train_losses": [0.8236267318328222, 0.7391184717416763, 0.5593564907709757, 0.4344510957598686, 0.3867964893579483, 0.34024547909696895, 0.30129048724969226, 0.28617507964372635, 0.2675761692225933, 0.2537099892894427, 0.244633869578441, 0.2443091149131457, 0.22792728741963705, 0.2113157423834006, 0.19612698256969452, 0.19571944450338682, 0.18267601852615675, 0.1771322110046943, 0.17157160428663096, 0.17137823005517325, 0.17578470769027868, 0.16809046578903994, 0.16336908315618834, 0.15900404875477156, 0.1568120593825976, 0.15579034512241682, 0.1600177822013696, 0.17492864156762758, 0.16736799043913683, 0.14824613990883032, 0.15250290806094804, 0.1491194013506174, 0.1518345382064581, 0.14907828532159328, 0.14340327493846416, 0.14236996012429395, 0.14437138165036836, 0.14307045501967272, 0.13954303786158562, 0.14226309644679228, 0.14434288069605827, 0.14483547396957874, 0.1421764555076758, 0.14270887772242227, 0.13678246239821115, 0.1358005361010631, 0.13975143991410732, 0.1501164020349582, 0.14435419191916785, 0.14119848174353442, 0.13890348499019942, 0.1420089149226745, 0.1416966194907824, 0.1354794129729271, 0.13368381621936956, 0.14010719768702984, 0.13440406136214733, 0.13633428203562895, 0.13072597980499268, 0.13131028972566128, 0.14054670371115208, 0.13803202410538992, 0.1331827137619257, 0.12973559647798538, 0.12932179185251394, 0.13460544434686503, 0.12874628603458405, 0.13156753902633986, 0.131496736779809, 0.1268541490038236, 0.13145305713017783, 0.131507966046532, 0.13367383989195028, 0.12825438442329565, 0.12823015078902245, 0.13027799191574255, 0.13097585427264372, 0.136255186672012, 0.1326682399958372, 0.13167669189472994], "val_losses": [0.8749862015247345, 0.7231546342372894, 0.45748738944530487, 0.4844767600297928, 0.3807068020105362, 0.34776467084884644, 0.3056635782122612, 0.267201192677021, 0.25232622772455215, 0.23844077438116074, 0.23626477271318436, 0.21896256506443024, 0.20317406207323074, 0.19742591679096222, 0.175636887550354, 0.17698273062705994, 0.16208461672067642, 0.14667096734046936, 0.1497395932674408, 0.16371924430131912, 0.15263953804969788, 0.14234093949198723, 0.14830473065376282, 0.14180848747491837, 0.1451505646109581, 0.15561170876026154, 0.14496444910764694, 0.18690218031406403, 0.150212861597538, 0.1420438103377819, 0.14294816553592682, 0.13326194509863853, 0.1383012905716896, 0.1284223385155201, 0.12593915686011314, 0.12676488608121872, 0.13594826310873032, 0.13127899169921875, 0.13555148988962173, 0.14660120010375977, 0.12971697747707367, 0.1281026042997837, 0.13667507097125053, 0.1266736052930355, 0.1283407062292099, 0.15704379975795746, 0.16113273799419403, 0.1472824141383171, 0.12850169092416763, 0.13105178624391556, 0.13991766795516014, 0.13665248081088066, 0.13705207407474518, 0.12613677605986595, 0.14491601288318634, 0.13413522392511368, 0.1318860426545143, 0.1298498995602131, 0.13448357582092285, 0.13748927414417267, 0.14159221202135086, 0.13520393520593643, 0.1421174332499504, 0.12419233843684196, 0.12981408089399338, 0.13513848930597305, 0.13957805931568146, 0.13885606825351715, 0.15770694613456726, 0.13263393193483353, 0.14770080894231796, 0.139290913939476, 0.13548626750707626, 0.1478419378399849, 0.13726960867643356, 0.14223013073205948, 0.13757456466555595, 0.1375325247645378, 0.13123824819922447, 0.1389983966946602]}