{"train_losses": [0.14753366323808828, 0.08331118958691756, 0.07612334315975507, 0.0750994219755133, 0.06981842654446761, 0.04903161091109117, 0.04963882267475128, 0.04181005402157704, 0.03939486760646105, 0.037741188115129866, 0.0348538343484203, 0.03547163292144736, 0.0328970441284279, 0.03264794172719121, 0.031143870825568836, 0.030179277683297794, 0.030323779055227835, 0.028892640645305317, 0.027360237824420135, 0.026450109512855608, 0.026938344351947308, 0.025699790799990296, 0.03013106055247287, 0.02990243195866545, 0.026953766588121653, 0.024541135411709547, 0.0245434264652431, 0.023969103582203388, 0.021904050450151164, 0.021942175226286054, 0.021556669225295384, 0.020928160365050037, 0.021565256795535486, 0.022872182230154674, 0.02219556908433636, 0.020473187789320946, 0.02071997003319363, 0.02080905033896367, 0.021919213701039553, 0.02553031189988057, 0.02217504281240205, 0.02014851081185043, 0.020465304997439187, 0.02112599244962136, 0.020660895233352978, 0.01999673053311805, 0.019556036684662104, 0.020232008071616292, 0.019705653345833223, 0.01960946076239149, 0.018928808548177283, 0.0202943441302826, 0.019254270708188415, 0.019990569601456325, 0.01987601296665768, 0.018583403201773763, 0.018931399720410507, 0.01836981880478561, 0.018192879234751064, 0.018678057317932446, 0.01888390296759705, 0.020360157048950594, 0.022296345715100568, 0.01990512905952831, 0.018452344462275505, 0.01736105722375214, 0.016776936361566186, 0.016227175171176594, 0.016311543139939506, 0.015864365656549733, 0.015769557018453877, 0.015354827900106708, 0.014827892029037079, 0.014839764917269349, 0.01490114318827788, 0.014900611946359277, 0.014423098570356766, 0.013707731695224842, 0.013625385938212276, 0.014039482533310851], "val_losses": [0.10274223983287811, 0.08461536467075348, 0.08301717787981033, 0.08203118294477463, 0.0538029745221138, 0.05809987522661686, 0.04453378543257713, 0.04230617359280586, 0.04007015749812126, 0.04144889768213034, 0.04102710261940956, 0.046908702701330185, 0.04126304853707552, 0.04091793578118086, 0.03890345897525549, 0.03958046715706587, 0.04287670459598303, 0.03428840544074774, 0.03384849522262812, 0.03133716993033886, 0.033413054421544075, 0.03466020058840513, 0.03206429537385702, 0.03605617769062519, 0.03628321085125208, 0.03358641918748617, 0.032482623122632504, 0.027387944981455803, 0.027933781035244465, 0.027175535447895527, 0.02590205054730177, 0.02694022748619318, 0.02777398843318224, 0.02961506973952055, 0.027792036533355713, 0.02587752789258957, 0.026621516793966293, 0.026261075399816036, 0.02853443194180727, 0.027562035247683525, 0.026180380955338478, 0.02578708715736866, 0.02551736868917942, 0.02475836407393217, 0.023296411149203777, 0.02611186634749174, 0.02400277368724346, 0.025816884823143482, 0.025303445756435394, 0.02501322701573372, 0.025037206709384918, 0.025234607979655266, 0.025818075984716415, 0.02354966662824154, 0.023466870188713074, 0.024172413162887096, 0.023110593669116497, 0.023449668660759926, 0.022097228094935417, 0.021553906612098217, 0.025371970608830452, 0.026556458324193954, 0.029190544970333576, 0.02164280880242586, 0.02133168838918209, 0.019938034936785698, 0.019477703608572483, 0.019158674404025078, 0.019122499972581863, 0.01683889329433441, 0.017039234284311533, 0.016733764670789242, 0.016946894116699696, 0.016933453269302845, 0.015847702976316214, 0.016484611202031374, 0.014930041041225195, 0.01418371545150876, 0.01723215915262699, 0.014178222976624966]}