{"train_losses": [0.17073441420992216, 0.08287542623778184, 0.0763717560718457, 0.07464935444295406, 0.07446096713344257, 0.06409256036082904, 0.04815354819099108, 0.04716386351113518, 0.04320321728785833, 0.04149114682028691, 0.041706024669110775, 0.03510402034347256, 0.03510735292608539, 0.032492361341913543, 0.03250639885663986, 0.033123465875784554, 0.03253026865422726, 0.03258162069444855, 0.03099863277748227, 0.02830174472182989, 0.027515670905510586, 0.027592727293570835, 0.026720663843055565, 0.025878433293352526, 0.024872967740520835, 0.023586665745824575, 0.023853674841423828, 0.02402462810277939, 0.022807962959632277, 0.023339593162139256, 0.022514741867780685, 0.022618485226606328, 0.02255001780577004, 0.02070528214486937, 0.02136996031428377, 0.02076874820825954, 0.019680769570792716, 0.02054035213465492, 0.02306073058086137, 0.02044848275060455, 0.02054778051873048, 0.02036025227668385, 0.019823113068317372, 0.0201325345163544, 0.020552249159663916, 0.021714299296339352, 0.021371614653617144, 0.021235180164997775, 0.019539455029492576, 0.01922036086519559, 0.019747704500332475, 0.01980268637028833, 0.01981509872712195, 0.01944320579059422, 0.01829508567849795, 0.018174660159274936, 0.017912220675498247, 0.017090474798654515, 0.016551681716615956, 0.017063438349093, 0.01848280740280946, 0.019024267016599577, 0.018801651274164517, 0.018560817853237193, 0.018223823824276526, 0.018243524168307584, 0.01710697535114984, 0.015481346830104789, 0.015468754339963198, 0.01582328633715709, 0.014999310408408443, 0.01614750719939669, 0.014482184934119383, 0.013765909786646565, 0.01525663809540371, 0.013891978577400247, 0.013553096059088906, 0.013959904356549183, 0.013685916045991084, 0.013157116365619004], "val_losses": [0.09901716560125351, 0.08445693552494049, 0.08408424630761147, 0.08198117092251778, 0.08200405165553093, 0.048352357000112534, 0.04661535285413265, 0.05037418007850647, 0.04203369189053774, 0.04451731964945793, 0.043479662388563156, 0.04832982085645199, 0.049843864515423775, 0.04527870286256075, 0.04466181714087725, 0.04243968613445759, 0.04176326561719179, 0.041588797233998775, 0.03890649136155844, 0.04752848111093044, 0.03871344868093729, 0.03606591187417507, 0.03723987843841314, 0.03353379387408495, 0.0317275021225214, 0.031006610952317715, 0.03500599507242441, 0.031477208249270916, 0.030437597073614597, 0.028283823281526566, 0.030275763012468815, 0.030192047357559204, 0.027060330845415592, 0.02678216714411974, 0.027090449817478657, 0.02506958693265915, 0.026434271596372128, 0.02837212197482586, 0.02815232053399086, 0.025203803554177284, 0.02549055404961109, 0.02471361868083477, 0.026474961079657078, 0.027822247706353664, 0.028275784105062485, 0.030535674653947353, 0.025926783680915833, 0.025538964197039604, 0.025501380674540997, 0.0271376920863986, 0.027252886444330215, 0.026668675243854523, 0.025220241397619247, 0.024165897630155087, 0.02378045581281185, 0.022939294576644897, 0.025085960514843464, 0.022743981331586838, 0.023177798837423325, 0.024829981848597527, 0.024333298206329346, 0.023399108089506626, 0.027248513884842396, 0.0253645870834589, 0.021805129013955593, 0.02139268070459366, 0.020944537594914436, 0.019918100908398628, 0.01938191708177328, 0.020689974538981915, 0.018935573287308216, 0.019392156042158604, 0.01841855701059103, 0.017364813946187496, 0.02046741172671318, 0.017630569636821747, 0.017242596484720707, 0.017092056572437286, 0.016338346991688013, 0.018023773096501827]}