{"train_losses": [0.9131785167588128, 0.8807857202159034, 0.74019037021531, 0.7583982414669461, 0.7805053657955594, 0.7051977647675408, 0.6869799660311805, 0.6832869384023879, 0.6778255105018616, 0.6711975634098053, 0.6685239970684052, 0.6542685031890869, 0.6495405303107368, 0.6564126014709473, 0.6362080441580878, 0.5964043769571516, 0.5843730419874191, 0.5539516127771802, 0.49460580613878036, 0.4682909929090076, 0.4788451095422109, 0.4706764850351546, 0.4513167440891266, 0.44758298993110657, 0.42989691429668003, 0.4176546550459332, 0.41103874146938324, 0.4131195992231369, 0.39062798188792336, 0.3976946423451106, 0.40047290755642784, 0.39591508938206565, 0.39735741747750175, 0.3957838813463847, 0.3825406597720252, 0.3892156167162789, 0.38278787169191575, 0.39927604297796887, 0.39143746263451046, 0.3761241270436181, 0.37856892744700116, 0.3853680243094762, 0.3798115568028556, 0.3822383979956309, 0.3662259297238456, 0.3728589249981774, 0.3674091266261207, 0.38215629094176823, 0.3725082791513867, 0.36828253004286027, 0.3746299859550264, 0.3741173661417431, 0.36662861042552525, 0.3669835544294781, 0.36147404710451764], "val_losses": [0.8828632036844889, 0.6640624602635702, 0.6128784020741781, 0.8603726029396057, 0.6239352822303772, 0.5970714886983236, 0.582904577255249, 0.6182832916577657, 0.6029279033342997, 0.5766630669434866, 0.58904101451238, 0.5737629334131876, 0.5849395593007406, 0.5366134146849314, 0.5291189948717753, 0.4548935890197754, 0.45587606231371564, 0.40691375732421875, 0.3742631773153941, 0.34244535366694134, 0.3558347423871358, 0.3450855513413747, 0.35856303572654724, 0.3552897771199544, 0.3540365795294444, 0.321613868077596, 0.34347906708717346, 0.3274381061395009, 0.3485158085823059, 0.3330291509628296, 0.3041482965151469, 0.3326297203699748, 0.3732561270395915, 0.3267715473969777, 0.3341132700443268, 0.3006071249643962, 0.3940218885739644, 0.3349209427833557, 0.3105686604976654, 0.34341097871462506, 0.3481624722480774, 0.3246309757232666, 0.2953067421913147, 0.3608192602793376, 0.31827350457509357, 0.31702329715092975, 0.31443046530087787, 0.3326033155123393, 0.30066436529159546, 0.3021577795346578, 0.3115460475285848, 0.3394941488901774, 0.3126646677652995, 0.2985952893892924, 0.33304665486017865]}