{"train_losses": [0.0962612268825372, 0.04569845046434137, 0.0351239193437828, 0.03503690090858274, 0.03583413869556454, 0.03424939616686768, 0.033376706660621695, 0.03410489712324408, 0.033059682386616863, 0.03272402752190828, 0.03286237776693371, 0.035740101192560464, 0.03269915820823775, 0.03255578171875742, 0.03225950813955731, 0.030972233766482934, 0.031222145590517256, 0.029421825479302142, 0.03094898309144709, 0.029820757711099252, 0.029223164233068626, 0.029683347067071333, 0.028684185196955998, 0.029396110938655004, 0.02889907473905219, 0.029928777056435745, 0.03001285499582688, 0.02869100972182221, 0.028497722517285082, 0.028177773890395958, 0.02771586614350478, 0.027684557148151927, 0.02678500157263544, 0.02672138437628746, 0.026938228350546625, 0.027059638148380652, 0.02705378095722861, 0.02619969006627798, 0.028200391886962786, 0.026485607545408938, 0.026066515491240554, 0.026190350763499737, 0.02491749015947183, 0.02554260515090492, 0.025322713164819613, 0.024245128345986206, 0.023580193002190854, 0.024081878260605864, 0.022664122076498136, 0.02335403042121066, 0.022104024990565248, 0.021353365232547123, 0.021592224534187052, 0.0204344703298476, 0.019921692812608346, 0.01910590509780579, 0.018871514385359153, 0.018322315584454272, 0.018054245971143246, 0.017990620341151953, 0.017548399408244424, 0.016369913808173604, 0.01668375161372953, 0.01607574863980214, 0.016176227687133685], "val_losses": [0.037445525328318276, 0.02967565879225731, 0.02823324811955293, 0.0280809768786033, 0.02659651388724645, 0.030901527032256126, 0.029883721843361855, 0.030812353516618412, 0.02917082483569781, 0.028392627214392025, 0.03304757550358772, 0.031942615285515785, 0.026384036988019943, 0.027485818912585575, 0.025883533681432407, 0.024581930910547573, 0.026138887430230778, 0.028273343419035275, 0.0285423727085193, 0.02771901898086071, 0.028477706015110016, 0.02587928995490074, 0.026803191751241684, 0.025404157117009163, 0.02539554238319397, 0.026078517859180767, 0.023512477055191994, 0.026699600120385487, 0.023543652147054672, 0.024901008233428, 0.023250107342998188, 0.024359603102008503, 0.024674115081628162, 0.024098499367634457, 0.028006755436460178, 0.02716333605349064, 0.024320192635059357, 0.0219570758442084, 0.02762538380920887, 0.022683763255675633, 0.023007048293948174, 0.021431475256880123, 0.02354927857716878, 0.02169708286722501, 0.022355301926533382, 0.020618661617239315, 0.02128818693260352, 0.019739874949057896, 0.019280859579642613, 0.019805404047171276, 0.019710299869378407, 0.0231693418075641, 0.018015556658307712, 0.0194155207524697, 0.01658436314513286, 0.01625931014617284, 0.015507124985257784, 0.016304134391248226, 0.015463734666506449, 0.015196716723342737, 0.013670097105205059, 0.013563632344206175, 0.013656672400732836, 0.013192057609558105, 0.012378463832040628]}