{"train_losses": [0.7240876878301302, 0.44656241809328395, 0.4099297473827998, 0.3858155732353528, 0.35894816865523654, 0.31278026352326077, 0.28622372820973396, 0.2812594845890999, 0.2540125312904517, 0.22672406087319055, 0.2019378828505675, 0.16725603863596916, 0.16902337471644083, 0.15612950548529625, 0.17777309815088907, 0.15629215352237225, 0.1593004527191321, 0.14794615469872952, 0.14579491255184016, 0.14909572526812553, 0.15102062684794268, 0.1458058493832747, 0.15020229605336985, 0.14628471992909908, 0.14456602496405443, 0.14669563931723437, 0.1556331366300583, 0.14354381648202738, 0.14568672267099222, 0.14086478389799595, 0.13773531466722488, 0.14172233206530413, 0.1471211388707161, 0.14276127020517984, 0.14176751176516214, 0.14048771187663078, 0.1426241286098957, 0.1415663498143355, 0.13822220141688982, 0.14360101148486137, 0.1353822834789753, 0.14307524263858795, 0.1334284053494533, 0.13454986674090227, 0.13674582292636236, 0.13600783174236616, 0.1265766570965449, 0.12992565209666887, 0.13361465806762376, 0.13548776134848595], "val_losses": [0.49907223880290985, 0.40008898079395294, 0.37895724177360535, 0.3591179624199867, 0.32255183160305023, 0.296432301402092, 0.2712630331516266, 0.25027988106012344, 0.21773545444011688, 0.19660815596580505, 0.16940590739250183, 0.1400134265422821, 0.14395751059055328, 0.1857384741306305, 0.14276950061321259, 0.16325220465660095, 0.1604035496711731, 0.15288739651441574, 0.13843589276075363, 0.14737530797719955, 0.1502779871225357, 0.14761126041412354, 0.15206173807382584, 0.1415134221315384, 0.16076089441776276, 0.15180568397045135, 0.14901994913816452, 0.1329772174358368, 0.1353907510638237, 0.14488585293293, 0.1407255381345749, 0.1457248404622078, 0.13786573708057404, 0.1406833603978157, 0.13774853944778442, 0.1435844525694847, 0.14739053323864937, 0.14544890820980072, 0.14604124426841736, 0.14767085760831833, 0.13603834807872772, 0.13968525826931, 0.14455311745405197, 0.15197142213582993, 0.1696637123823166, 0.15915265679359436, 0.1420302465558052, 0.13046156615018845, 0.1342046521604061, 0.14816086739301682]}