{"train_losses": [0.8202194273471832, 0.6181833346684774, 0.4518979489803314, 0.4032301927606265, 0.36152710517247516, 0.34623807296156883, 0.30345481261610985, 0.30384382729729015, 0.3138199858367443, 0.2675212708612283, 0.24416782955328623, 0.22893089801073074, 0.22195390984416008, 0.22310198470950127, 0.19336996786296368, 0.1876192900041739, 0.20658807829022408, 0.1961578093469143, 0.1767718754708767, 0.1820953773955504, 0.170981977134943, 0.159081789975365, 0.1558054145425558, 0.1553583505252997, 0.15631948535641035, 0.1616533324122429, 0.1523236787567536, 0.15124007500708103, 0.15037552701930204, 0.1538183819502592, 0.15406002042194208, 0.14970437996089458, 0.14912925474345684, 0.14657405950129032, 0.13931639740864435, 0.14326289234062037, 0.14318358153104782, 0.14167468125621477, 0.1357626107831796, 0.13966409116983414, 0.13360111974179745, 0.13353769357005754, 0.14026243115464845, 0.13448597925404707, 0.14245600625872612, 0.1438619215041399, 0.1429041102528572, 0.13517307241757712, 0.13516872810820738, 0.14562739928563437], "val_losses": [0.7824857234954834, 0.47246722877025604, 0.39268288016319275, 0.3494112342596054, 0.3228304535150528, 0.2843056991696358, 0.2558288723230362, 0.33063608407974243, 0.23717457801103592, 0.2129281461238861, 0.20686792582273483, 0.2105683907866478, 0.20554393529891968, 0.16404324024915695, 0.1530766375362873, 0.17126276344060898, 0.19716054946184158, 0.18150368332862854, 0.1588047370314598, 0.16447874158620834, 0.1575787365436554, 0.16070860624313354, 0.14131474494934082, 0.12744802609086037, 0.15839669108390808, 0.15701990574598312, 0.16532055288553238, 0.13952698558568954, 0.14978588372468948, 0.1614893302321434, 0.12881074100732803, 0.15131045877933502, 0.14014580100774765, 0.13718151301145554, 0.14180482923984528, 0.14363526552915573, 0.1533988043665886, 0.15972162038087845, 0.13921160250902176, 0.13971159607172012, 0.1421598419547081, 0.14065981656312943, 0.1450597196817398, 0.16943573951721191, 0.16527875512838364, 0.14837263524532318, 0.13788001984357834, 0.14696884900331497, 0.14657769352197647, 0.14945927262306213]}