{"train_losses": [0.6552709462967786, 0.428174383260987, 0.34506163610653445, 0.3071018091656945, 0.296361620453271, 0.2880360240286047, 0.2688610221851956, 0.25683708556673746, 0.24273308569734747, 0.23418809338049454, 0.2308910617774183, 0.22190281003713608, 0.22574843195351688, 0.2181014039299705, 0.208658557723869, 0.20769291912967508, 0.20870009809732437, 0.20235370709137482, 0.19589393789117987, 0.18771397694945335, 0.18693678081035614, 0.1806608069349419, 0.17421042343432253, 0.16159663688052783, 0.1621312756430019, 0.16238358413631265, 0.1438524563881484, 0.14349682053381746, 0.134387632323937, 0.12689039652997797, 0.11674117771061984, 0.11208263750780713, 0.10987049070271579, 0.11120828579772603, 0.10647537525404584, 0.1002936354753646, 0.09496569701216438, 0.09165986915203658, 0.0902000843462619, 0.08856036530976946, 0.08530300144444812, 0.08212603171440688, 0.08381492661481554, 0.08073428611863744, 0.07762817919931629, 0.07951311191374605, 0.07934191907671365, 0.07723577743904157, 0.07252948578785766, 0.06760231303897771, 0.06606894223527475, 0.06611784056506374, 0.06521639515730468, 0.0678439104760235, 0.06065030311318961], "val_losses": [0.4743268092473348, 0.43764857451121014, 0.33471917112668353, 0.33099281787872314, 0.3332981765270233, 0.32642122109731037, 0.3384883801142375, 0.3217441240946452, 0.31074289480845135, 0.3148328860600789, 0.31008532643318176, 0.31144022941589355, 0.3276285429795583, 0.30528099338213605, 0.3068111737569173, 0.3169146080811818, 0.3056831657886505, 0.32854966322580975, 0.2936320900917053, 0.29885969559351605, 0.2846890091896057, 0.28688109914461773, 0.25622567534446716, 0.25951380530993146, 0.2612382471561432, 0.2629058410724004, 0.228425532579422, 0.20429802437623343, 0.20496540268262228, 0.20268299182256064, 0.18928197026252747, 0.18339945872624716, 0.18255398670832315, 0.17761346201101938, 0.1788660834232966, 0.16844007869561514, 0.17163560291131338, 0.17013819018999735, 0.16357382635275522, 0.16468845307826996, 0.16203013062477112, 0.16026361286640167, 0.15356415510177612, 0.16239954034487405, 0.16174514094988504, 0.16725550095240274, 0.15934211015701294, 0.15974207719167074, 0.16305308043956757, 0.15240627030531564, 0.1679331511259079, 0.15849076708157858, 0.15584398806095123, 0.16072282691796622, 0.15325919538736343]}