{"train_losses": [0.8578846487734053, 0.8329454196823968, 0.7444534765349494, 0.72284554110633, 0.6749129262235429, 0.6606817808416154, 0.634671645032035, 0.6256739033593072, 0.6182891196674771, 0.6083872947427962, 0.6041758788956536, 0.6005001697275374, 0.5958789752589332, 0.5882322970363829, 0.572806159655253, 0.5356616510285271, 0.47983365919854903, 0.44971009261078304, 0.44285506506760913, 0.42951179212994045, 0.42312655680709416, 0.41826701495382523, 0.40746234854062396, 0.40023961332109237, 0.3913261757956611, 0.4017066690656874, 0.3858834852774938, 0.374344516131613, 0.36344274712933433, 0.3616613232427173, 0.34892740431759095, 0.3450205276409785, 0.33297645714547897, 0.34679075744416976, 0.3399147267142932, 0.32929348283343846, 0.3212655385335286, 0.3261210554175907, 0.32176288465658825, 0.3252714061074787], "val_losses": [0.839385469754537, 0.6506655216217041, 0.6664712230364481, 0.5587705274422964, 0.5514856080214182, 0.543537437915802, 0.5555771688620249, 0.5391208330790201, 0.5497694114844004, 0.5305475493272146, 0.5128752688566843, 0.5158598522345225, 0.5124565760294596, 0.4876885215441386, 0.47374555468559265, 0.4360617200533549, 0.38269946972529095, 0.3928623894850413, 0.3277893364429474, 0.32109686732292175, 0.3172108729680379, 0.3414810597896576, 0.2964385549227397, 0.331387718518575, 0.3359525104363759, 0.3239019612471263, 0.2790814091761907, 0.31049903233846027, 0.28847519556681317, 0.272569939494133, 0.2693413496017456, 0.28327323496341705, 0.27249222497145337, 0.3008491098880768, 0.2673119306564331, 0.2929916779200236, 0.2834330201148987, 0.283571516474088, 0.2742690145969391, 0.25393184026082355]}