{"train_losses": [0.7884403020143509, 0.5621208995580673, 0.4896037255724271, 0.4649665082494418, 0.3783792157967885, 0.29498590032259625, 0.2576765368382136, 0.2374194748699665, 0.23620144029458365, 0.24140034491817156, 0.22693315769235292, 0.29469185695052147, 0.2659887907405694, 0.24150083089868227, 0.22747951125105223, 0.22065454721450806, 0.21525349219640097, 0.2082466259598732, 0.2128957360982895, 0.20617950583497682], "val_losses": [0.6011346131563187, 0.5712603181600571, 0.5082358866930008, 0.47332312166690826, 0.4114549309015274, 0.35069383680820465, 0.3519495278596878, 0.323761984705925, 0.32584281265735626, 0.28883127868175507, 0.2904220521450043, 0.30841460824012756, 0.37901946902275085, 0.3600747734308243, 0.31467345356941223, 0.3084417134523392, 0.2929181456565857, 0.3058195263147354, 0.29314297437667847, 0.29331347346305847]}