{"train_losses": [0.09513847591976325, 0.04527291117442979, 0.04305542405280802, 0.0367270554933283, 0.03494292621811231, 0.035298740905192166, 0.03565469063404533, 0.03184318708048926, 0.032045858394768506, 0.03102810660170184, 0.03260908813940154, 0.029199561932020716, 0.029242428950965405, 0.030964415727390185, 0.030946534851358995, 0.030299851049979527, 0.028817539827691183, 0.02820488903671503, 0.027994816812376182, 0.030081512509948678, 0.029226195998489857, 0.02786250402116113, 0.027378174476325512, 0.027781634591519833, 0.027589491258064907, 0.026251108489102788, 0.025711688213050365, 0.025555200771325164, 0.024255957454442978, 0.02406074810359213, 0.0228640835525261, 0.02232018682277865, 0.02306577501197656, 0.021785275700191658, 0.02093821479421523, 0.01981902401894331, 0.019640845557053883, 0.018405959837966494, 0.018104408143295184, 0.017139905753235023, 0.01703202470930086, 0.016681421030726697, 0.017014946322888136, 0.015810854422549408, 0.016037984751164913, 0.015921892856972084, 0.015357170047031509, 0.014747317518211074, 0.01564116993298133, 0.014755258336663246, 0.014303418755945232, 0.013778150547295809, 0.013773472462263372, 0.0142505443137553, 0.014378083404153585, 0.014053962245169613, 0.014279489819374349, 0.013540556913034784, 0.0142508447687659, 0.013926711140407456, 0.013504282260934511, 0.013357388062609566, 0.013001237607871493, 0.012941831050233709, 0.013314045913931396, 0.013043426753332218, 0.013305294586138593, 0.013541397638618946, 0.013011316665344767, 0.012933234891129864, 0.012547380911807219, 0.012585896895163588, 0.012290812252710262, 0.012516526246650351, 0.011881093805034956, 0.011623261341204246, 0.011600858945813444, 0.012029852200713422, 0.01232003296415011, 0.01195630519133475, 0.012377715514351925, 0.011730856055186855, 0.011415541999869876, 0.01142129928080572, 0.011613879921949573], "val_losses": [0.03802105784416199, 0.03689840311805407, 0.03660339613755544, 0.025638579701383907, 0.026122979819774628, 0.033162993068496384, 0.02457525146504243, 0.02439575269818306, 0.024248202641805012, 0.030327354247371357, 0.024419592693448067, 0.023786061132947605, 0.02505596789220969, 0.02467515381673972, 0.0254667978733778, 0.025359542419513065, 0.022814307361841202, 0.02280913107097149, 0.023603744183977444, 0.02387171487013499, 0.023031566912929218, 0.025385838622848194, 0.022379140680034954, 0.023231794436772663, 0.021627579505244892, 0.020781451215346653, 0.021609716738263767, 0.024154826998710632, 0.02079615741968155, 0.019693744679292042, 0.018023725288609665, 0.01877389910320441, 0.017434074232975643, 0.01614074471096198, 0.01553182831654946, 0.015125972839693228, 0.01422766875475645, 0.015126646496355534, 0.013639794352153936, 0.012943505930403868, 0.012164400269587835, 0.01273752748966217, 0.012355091981589794, 0.012425397212306658, 0.012220669848223528, 0.012603992596268654, 0.0111825717613101, 0.011632679340740045, 0.012671954929828644, 0.011326107506950697, 0.011402100324630737, 0.011462300394972166, 0.011603211673597494, 0.011515508405864239, 0.01380474337687095, 0.01113484644641479, 0.010605390804509321, 0.011672681818405787, 0.011814971144000689, 0.012082076941927275, 0.012037652234236399, 0.01149388092259566, 0.011723064196606478, 0.0119246623168389, 0.012376805146535238, 0.011473211770256361, 0.011353699179987112, 0.010920114194353422, 0.012161859311163425, 0.012511697597801685, 0.011460836045444012, 0.01131481397897005, 0.011687452594439188, 0.011158941934506098, 0.011400799266994, 0.011935527746876081, 0.010674934523801008, 0.012035018143554529, 0.011627702042460442, 0.010820490618546804, 0.011619878622392813, 0.011730081401765347, 0.011439884391923746, 0.01152508519589901, 0.01191188053538402]}