{"train_losses": [0.7401139795780182, 0.5506184613704681, 0.349953830242157, 0.21786387801170348, 0.18014835983514785, 0.1582269287109375, 0.13932971984148027, 0.13795340359210967, 0.13743936091661454, 0.1237805062532425, 0.12147435039281845, 0.12474273294210433, 0.11087127864360809, 0.10715389534831048, 0.10389097958803177, 0.10087710216641427, 0.10565902531147003, 0.09850157856941223, 0.0994690454006195, 0.09469434902071953, 0.090553507655859, 0.08844228297472, 0.0903508298099041, 0.08975380152463913, 0.0885020899772644, 0.09667750298976899, 0.0911199291050434, 0.08190253555774689, 0.08076079711318015, 0.08408862233161926], "val_losses": [0.5114445984363556, 0.44630860537290573, 0.2945478558540344, 0.20814188197255135, 0.1521849688142538, 0.1394468229264021, 0.1093965396285057, 0.13015497103333473, 0.1109995823353529, 0.10729882307350636, 0.10516131483018398, 0.09755774773657322, 0.0856328560039401, 0.07881023082882166, 0.07979931868612766, 0.07709220610558987, 0.07877268735319376, 0.08355615474283695, 0.07761254347860813, 0.07531685568392277, 0.07413985673338175, 0.07506413944065571, 0.0633737351745367, 0.0736105153337121, 0.08173358626663685, 0.06442434899508953, 0.0767261702567339, 0.06670968979597092, 0.07333698123693466, 0.06726791337132454]}