{"train_losses": [0.09414014261629847, 0.04611218927635087, 0.043495670374896794, 0.038968957132763334, 0.032783186373611294, 0.03161293195767535, 0.03147047789146503, 0.029896099120378494, 0.03271943786078029, 0.030164818693366315, 0.0322330365371373, 0.029109750770860247, 0.02914956584572792, 0.02906825352046225, 0.028116784161991544, 0.027765168704920344, 0.02652574847969744, 0.02693327899194426, 0.026136891192032233, 0.02795708655483193, 0.02772249064097802, 0.027258456270727847, 0.025560962243212595, 0.02612920467638307, 0.023942266176972125, 0.022577826865017414, 0.022025168045527406, 0.022479651392334037, 0.021367160603404045, 0.020269501850836806, 0.020587245985451672, 0.020298207592633035, 0.020719848676688142, 0.01866186172184017, 0.017832121811807156, 0.017111221690558724, 0.018005895376619365, 0.016420601556698482, 0.017142564989626408, 0.015115455051677095, 0.014743440215372376, 0.014776234256310595, 0.014502842496666644, 0.014122808817774057, 0.014952152087870572, 0.014706703058133522, 0.01428872181309594, 0.013825005386024714, 0.013595856881390015, 0.013274630376448235, 0.013358188689582877, 0.013594915572967794, 0.013020275367630852, 0.013553571059472032, 0.013489713737120232], "val_losses": [0.043922981868187584, 0.04449060559272766, 0.039678119122982025, 0.029148216048876446, 0.025308060149351757, 0.02816266690691312, 0.02490438645084699, 0.026175357401371002, 0.023531668509046238, 0.02804178185760975, 0.02500476750234763, 0.023033015429973602, 0.02246270328760147, 0.02427924859027068, 0.026872146253784496, 0.023715106149514515, 0.022115443522731464, 0.022817691167195637, 0.022440254067381222, 0.029596948996186256, 0.024595873430371284, 0.02356601320207119, 0.02320737950503826, 0.01965986502667268, 0.020240226139624912, 0.020552755643924076, 0.01960011137028535, 0.018546999121705692, 0.018810962016383808, 0.01856062312920888, 0.020067103827993076, 0.019100463017821312, 0.016762755811214447, 0.015863241938253243, 0.014175709336996078, 0.014491001764933268, 0.013940993386010328, 0.01398285540441672, 0.013359427141646544, 0.013651524049540361, 0.012301368328432241, 0.012565770807365576, 0.012513138664265474, 0.012164446835716566, 0.0128504637007912, 0.01251367355386416, 0.011973842357595762, 0.011805833006898562, 0.011733803898096085, 0.01169642216215531, 0.012130280335744223, 0.011585188408692678, 0.01201893234004577, 0.01153524313122034, 0.013076149858534336]}