{"train_losses": [0.0995126325223181, 0.04725871131651931, 0.045925674132174917, 0.038983410224318504, 0.03703712516774734, 0.035683168615731925, 0.03334763687517908, 0.03373129696895679, 0.0322232965586914, 0.03119342339535554, 0.030151289991206594, 0.030558692912260692, 0.030714524392452505, 0.030662260846131377, 0.030487067790495023, 0.02995148425300916, 0.029338603425357077, 0.030071689436833065, 0.028793048320545092, 0.027313620472947758, 0.027379828919139173, 0.02629390348576837, 0.026305906371110015, 0.025730338878929615, 0.02555232836554448, 0.025490648423631985, 0.02579183576421605, 0.02459773017714421, 0.02269671019166708, 0.022735859267413616, 0.022794690397050645, 0.021159621110806864, 0.02133814628339476, 0.020253657466835447, 0.019781542734967336, 0.02007498224783275, 0.01854238762623734, 0.018097859134690628, 0.01717384604530202, 0.01741213874063558, 0.01617034778205885, 0.015647190881686077, 0.014977379288110469, 0.015354925197445683, 0.015182204699764648, 0.0154024514162706, 0.014768141063137187, 0.01460870262235403, 0.01473152202864488, 0.014830534915543266, 0.014304404405670034, 0.014423098052955337, 0.014088202681806352, 0.014004308885584274, 0.013668405409488413, 0.013784184482776456, 0.013844215207629733, 0.013574952828801341, 0.013226780212587781, 0.014023651575876607, 0.013291276577446196, 0.01267561207835873, 0.012922187594489919, 0.012709400616586208, 0.012901874983476268, 0.013017565322419008, 0.012802065970997015, 0.013463027050925626, 0.01315758242789242, 0.012695624803503355, 0.012435225459436575, 0.012781147741609149, 0.012564217464791404, 0.012298388303154044, 0.012142825923446152, 0.012495004882415136, 0.012069896794855595, 0.011851134968714582, 0.012263252141161097, 0.011691334760851331, 0.011848226603534486, 0.011568388901650906, 0.011481090397056606, 0.011434909991092153, 0.011271995750980245], "val_losses": [0.0428149439394474, 0.04522424191236496, 0.03646731128295263, 0.03200210755070051, 0.027482895801464718, 0.027345049505432446, 0.02890287960569064, 0.026024411742885906, 0.026694901287555695, 0.024904373412330944, 0.025061401228109997, 0.023414187754193943, 0.02495593639711539, 0.024131977930665016, 0.025028445447484653, 0.023348623265822727, 0.023344966893394787, 0.02298303631444772, 0.02341179922223091, 0.022840197508533795, 0.021187734479705494, 0.0260596356044213, 0.020528513317306835, 0.020602433010935783, 0.01971304602921009, 0.0197276808321476, 0.020606907084584236, 0.02066152294476827, 0.01858338589469592, 0.02014804941912492, 0.0192690243323644, 0.01821489880482356, 0.017413389558593433, 0.016743166993061703, 0.016325320738057297, 0.016982353292405605, 0.014113000594079494, 0.014031806029379368, 0.014321117972334227, 0.011468186353643736, 0.011398303012053171, 0.0117410309612751, 0.012005244692166647, 0.01107591949403286, 0.012190839586158594, 0.011331925789515177, 0.011526798518995443, 0.012462261443336805, 0.012495870081086954, 0.011936228101452192, 0.011737272764245668, 0.01166026076922814, 0.011513070203363895, 0.011774133580426374, 0.012756090300778547, 0.011195734764138857, 0.011133311005930105, 0.01061222143471241, 0.010987356926004091, 0.010797196378310522, 0.01074107208599647, 0.010780835834642252, 0.01095311219493548, 0.010633907901744047, 0.010582320081690947, 0.010940829291939735, 0.011917627726991972, 0.01131511696924766, 0.011183210338155428, 0.011247527164717516, 0.011250919662415981, 0.010606651970495781, 0.011503139200309912, 0.0100624676172932, 0.010101475908110539, 0.011051845736801624, 0.010573255519072214, 0.01082177304973205, 0.011343081792195639, 0.010637055772046248, 0.010990165794889132, 0.010454671457409859, 0.010687253437936306, 0.011043273843824863, 0.010343377323200306]}