{"train_losses": [0.08467341918084356, 0.05001562481953038, 0.0472308908485704, 0.045740709743565984, 0.043176417549451195, 0.043191402736637324, 0.03778104763478041, 0.03426407774289449, 0.03475437561670939, 0.03166973187277714, 0.030694961444371276, 0.030585601925849915, 0.03251598671906524, 0.03107502528776725, 0.029977506750987634, 0.02996020070794556, 0.029742465871903632, 0.02992366109457281, 0.029259291891422536, 0.02926033755971326, 0.029608680142296687, 0.029033626947138045, 0.027390176326864295, 0.026847086639867887, 0.027020034587217703, 0.027608062244123883, 0.026720481200350657, 0.025593531524969473, 0.025397192997237045, 0.02470420642445485, 0.023909103849695787, 0.02370287591798438, 0.022392525648077328, 0.021861981704003282, 0.02107698703184724, 0.02096391324367788, 0.020689222133821912, 0.019757577632036474, 0.02024387392318911, 0.0194473455970486, 0.018332539022796683, 0.01863614743989375, 0.018293191213160753, 0.017566693739758596, 0.017124988035195403, 0.017296870342559285, 0.01624453580006957, 0.01596480297545592, 0.0164274917398062, 0.017063489390744105, 0.016373142651799653, 0.016293046426855855, 0.01812851692860325, 0.01706554088741541, 0.0163527004317277, 0.016126210232161813, 0.015681283807175025, 0.015724222124036815, 0.015355503393544091, 0.016117082598308723, 0.015443803690787818, 0.015182064483977027, 0.014816005559017261, 0.01462045953505569, 0.01435734833487206], "val_losses": [0.0468934141099453, 0.04166088129083315, 0.0416799026230971, 0.04627831156055132, 0.03808901707331339, 0.03426733985543251, 0.028421989952524502, 0.028662586584687233, 0.025393131499489147, 0.02484969235956669, 0.02451200659076373, 0.025760728865861893, 0.02768041690190633, 0.03201319587727388, 0.025728818650046986, 0.024967554335792858, 0.0239198487251997, 0.025221871212124825, 0.02634826737145583, 0.0229446633408467, 0.024426105121771496, 0.02206996704141299, 0.0231122641513745, 0.023146549239754677, 0.02221628464758396, 0.02137417159974575, 0.021380189806222916, 0.019953104356924694, 0.020851462458570797, 0.01969243896504243, 0.019898252561688423, 0.01792382417867581, 0.017391098352770012, 0.018351104110479355, 0.018842723841468494, 0.017098691314458847, 0.015193591825664043, 0.01663502088437478, 0.01393051166087389, 0.014044102281332016, 0.013765692400435606, 0.01382219698280096, 0.01326738577336073, 0.01371976857384046, 0.01270800611625115, 0.012822792865335941, 0.01228790016223987, 0.012928033247590065, 0.01403119508177042, 0.013095226449271044, 0.012382423505187035, 0.012412516710658869, 0.013427132119735083, 0.013494164372483889, 0.013071408805747827, 0.01217292652775844, 0.013509377526740233, 0.011773279247184595, 0.01472711811463038, 0.012241957088311514, 0.011606032028794289, 0.011288685103257498, 0.01202271661410729, 0.012205834500491619, 0.011927521787583828]}